"","DATE","AWND","TAVG","PRCP","SNOW"
"2016-01-01",2016-01-01,5.7,3.9,0,0
"2016-01-02",2016-01-02,6,1.7,0,0
"2016-01-03",2016-01-03,5.2,2.2,0,0
"2016-01-04",2016-01-04,5.5,-1.1,0,0
"2016-01-05",2016-01-05,4.5,-8.9,0,0
"2016-01-06",2016-01-06,4.5,-1.2,0,0
"2016-01-07",2016-01-07,2.9,0.6,0,0
"2016-01-08",2016-01-08,4.9,1.4,0,0
"2016-01-09",2016-01-09,2.7,4.2,0.3,0
"2016-01-10",2016-01-10,6.7,7.2,35.1,0
"2016-01-11",2016-01-11,8.6,4.3,0,0
"2016-01-12",2016-01-12,4.3,-1.9,2,8
"2016-01-13",2016-01-13,8.8,-1.5,0,0
"2016-01-14",2016-01-14,4.7,-4.3,0,0
"2016-01-15",2016-01-15,2.9,-0.4,0,0
"2016-01-16",2016-01-16,4.2,3.7,31,0
"2016-01-17",2016-01-17,4.2,1.8,2.5,33
"2016-01-18",2016-01-18,7.5,-2.7,2.8,46
"2016-01-19",2016-01-19,9.8,-6.6,0,0
"2016-01-20",2016-01-20,8.4,-4.7,0,0
"2016-01-21",2016-01-21,6.2,-2.8,0,0
"2016-01-22",2016-01-22,5.1,-4.3,0,0
"2016-01-23",2016-01-23,9.1,-1.9,9.4,155
"2016-01-24",2016-01-24,5,-4.1,0,0
"2016-01-25",2016-01-25,3.2,-0.6,0,0
"2016-01-26",2016-01-26,6.4,2.6,0,0
"2016-01-27",2016-01-27,5.4,6.1,0,0
"2016-01-28",2016-01-28,3.6,1.1,0,0
"2016-01-29",2016-01-29,3.3,2.1,0,0
"2016-01-30",2016-01-30,6.1,2.2,0,0
"2016-01-31",2016-01-31,5.3,6.1,0,0
"2016-02-01",2016-02-01,6.2,9.7,0,0
"2016-02-02",2016-02-02,3.1,6.6,0,0
"2016-02-03",2016-02-03,6.5,5.3,8.4,0
"2016-02-04",2016-02-04,4.7,12.5,0.3,0
"2016-02-05",2016-02-05,6,2.8,24.4,173
"2016-02-06",2016-02-06,4.7,-1.8,0,0
"2016-02-07",2016-02-07,4.4,0.9,0,0
"2016-02-08",2016-02-08,9.5,-1.7,13.5,163
"2016-02-09",2016-02-09,2.8,-5.2,0,3
"2016-02-10",2016-02-10,3,-2,0,3
"2016-02-11",2016-02-11,7.5,-2.4,0.3,5
"2016-02-12",2016-02-12,5.2,-9.7,0,0
"2016-02-13",2016-02-13,7.3,-6.7,0,0
"2016-02-14",2016-02-14,7.7,-17.7,0,0
"2016-02-15",2016-02-15,2.8,-11.6,6.6,33
"2016-02-16",2016-02-16,6.4,4.3,16.8,0
"2016-02-17",2016-02-17,4.8,5.3,0,0
"2016-02-18",2016-02-18,5.4,0.4,0,0
"2016-02-19",2016-02-19,4,-2.4,0,3
"2016-02-20",2016-02-20,6.2,6.1,0.3,0
"2016-02-21",2016-02-21,5.6,9.8,0,0
"2016-02-22",2016-02-22,3.7,4.3,0,0
"2016-02-23",2016-02-23,5.1,0.3,0,0
"2016-02-24",2016-02-24,5.4,3.8,15,0
"2016-02-25",2016-02-25,9.9,12.1,20.6,0
"2016-02-26",2016-02-26,8.5,3.5,0,0
"2016-02-27",2016-02-27,5.5,-1.9,0,0
"2016-02-28",2016-02-28,6.5,5.8,0,0
"2016-02-29",2016-02-29,7.3,10.1,0,0
"2016-03-01",2016-03-01,5.5,5.3,0,0
"2016-03-02",2016-03-02,8.6,6.1,9.4,0
"2016-03-03",2016-03-03,4.3,-2.6,0,0
"2016-03-04",2016-03-04,5.2,-1.9,0.3,13
"2016-03-05",2016-03-05,4.6,-2.1,0,0
"2016-03-06",2016-03-06,3.1,1,0,0
"2016-03-07",2016-03-07,5.1,3.6,0,0
"2016-03-08",2016-03-08,3.8,6.4,0,0
"2016-03-09",2016-03-09,6,11.9,0,0
"2016-03-10",2016-03-10,4.3,16.7,10.2,0
"2016-03-11",2016-03-11,3.1,8.9,2.3,0
"2016-03-12",2016-03-12,5,7.3,0,0
"2016-03-13",2016-03-13,4.2,12.4,0,0
"2016-03-14",2016-03-14,7.6,6,5.3,0
"2016-03-15",2016-03-15,7.6,5.9,29,0
"2016-03-16",2016-03-16,3.7,6.3,0.8,0
"2016-03-17",2016-03-17,4.7,9.5,1.8,0
"2016-03-18",2016-03-18,6.3,8.6,0.8,0
"2016-03-19",2016-03-19,5.1,2.8,0,0
"2016-03-20",2016-03-20,4.7,0.2,0.5,0
"2016-03-21",2016-03-21,4.5,0.8,5.6,91
"2016-03-22",2016-03-22,6.7,4.3,0,0
"2016-03-23",2016-03-23,5.2,9.3,0,0
"2016-03-24",2016-03-24,7.3,4.6,0,0
"2016-03-25",2016-03-25,2.9,3.8,4.1,0
"2016-03-26",2016-03-26,4.6,4.7,0,0
"2016-03-27",2016-03-27,3.4,2.7,0,0
"2016-03-28",2016-03-28,5,4.6,10.4,0
"2016-03-29",2016-03-29,9.2,7.5,0,0
"2016-03-30",2016-03-30,5.4,6.7,0,0
"2016-03-31",2016-03-31,10.2,12.8,0,0
"2016-04-01",2016-04-01,8,17.3,1.3,0
"2016-04-02",2016-04-02,4,11.6,8.1,0
"2016-04-03",2016-04-03,7.1,3.3,12.4,48
"2016-04-04",2016-04-04,5,-2.2,10.4,119
"2016-04-05",2016-04-05,5.6,-1.8,0,0
"2016-04-06",2016-04-06,4.5,0.7,0,0
"2016-04-07",2016-04-07,7.4,9.4,26.2,0
"2016-04-08",2016-04-08,6.7,9.6,0,0
"2016-04-09",2016-04-09,4.4,3.9,0,0
"2016-04-10",2016-04-10,5.3,3.9,0,0
"2016-04-11",2016-04-11,7.5,8.9,0.3,0
"2016-04-12",2016-04-12,7.1,12.8,5.6,0
"2016-04-13",2016-04-13,4.6,7,0,0
"2016-04-14",2016-04-14,4.7,6.1,0,0
"2016-04-15",2016-04-15,5.1,7,0,0
"2016-04-16",2016-04-16,6,8.2,0,0
"2016-04-17",2016-04-17,3.4,7.8,0,0
"2016-04-18",2016-04-18,3.8,10.8,0,0
"2016-04-19",2016-04-19,3.8,8.3,0.5,0
"2016-04-20",2016-04-20,5.5,9.4,0,0
"2016-04-21",2016-04-21,4.3,12.9,0,0
"2016-04-22",2016-04-22,3.5,18.6,0,0
"2016-04-23",2016-04-23,3.7,15.3,2.3,0
"2016-04-24",2016-04-24,4.3,9.1,0,0
"2016-04-25",2016-04-25,2,9.1,0,0
"2016-04-26",2016-04-26,6,7.3,6.9,0
"2016-04-27",2016-04-27,4.4,7.3,0,0
"2016-04-28",2016-04-28,4.7,9.2,0,0
"2016-04-29",2016-04-29,5.5,8.4,0,0
"2016-04-30",2016-04-30,4.8,9.2,0,0
"2016-05-01",2016-05-01,3.3,9,2.5,0
"2016-05-02",2016-05-02,3.6,8.1,9.9,0
"2016-05-03",2016-05-03,2.2,8.2,2.5,0
"2016-05-04",2016-05-04,5.8,8,12.2,0
"2016-05-05",2016-05-05,7.3,7.1,3.8,0
"2016-05-06",2016-05-06,5.1,8.9,2.3,0
"2016-05-07",2016-05-07,3.6,8.5,0,0
"2016-05-08",2016-05-08,5.3,11.1,0.5,0
"2016-05-09",2016-05-09,6.7,13,0,0
"2016-05-10",2016-05-10,4.2,13.9,0,0
"2016-05-11",2016-05-11,3.3,16.2,0,0
"2016-05-12",2016-05-12,4.1,16.1,0,0
"2016-05-13",2016-05-13,4.1,15.9,2.8,0
"2016-05-14",2016-05-14,5.1,19,0,0
"2016-05-15",2016-05-15,8.7,14.2,0,0
"2016-05-16",2016-05-16,8.5,9.6,0,0
"2016-05-17",2016-05-17,5.5,15.2,0,0
"2016-05-18",2016-05-18,4.2,13.7,0,0
"2016-05-19",2016-05-19,3,12.4,0,0
"2016-05-20",2016-05-20,4,15.4,0,0
"2016-05-21",2016-05-21,3.8,17.8,0,0
"2016-05-22",2016-05-22,3,14.1,0,0
"2016-05-23",2016-05-23,2.6,15.7,0,0
"2016-05-24",2016-05-24,4.6,13.2,6.6,0
"2016-05-25",2016-05-25,3.4,17.1,0,0
"2016-05-26",2016-05-26,3.6,22.5,0,0
"2016-05-27",2016-05-27,3.1,16.6,0,0
"2016-05-28",2016-05-28,3.7,24.4,0,0
"2016-05-29",2016-05-29,3.8,18.2,0,0
"2016-05-30",2016-05-30,3.2,14.6,28.7,0
"2016-05-31",2016-05-31,5.1,24.2,0,0
"2016-06-01",2016-06-01,4.3,20.4,0,0
"2016-06-02",2016-06-02,4.2,14.4,0,0
"2016-06-03",2016-06-03,3.6,15.7,0,0
"2016-06-04",2016-06-04,2.9,18.4,0,0
"2016-06-05",2016-06-05,3.8,17.8,23.1,0
"2016-06-06",2016-06-06,4.7,22.2,0,0
"2016-06-07",2016-06-07,4.1,23.6,3.8,0
"2016-06-08",2016-06-08,7,19.2,0,0
"2016-06-09",2016-06-09,7.9,16.2,0,0
"2016-06-10",2016-06-10,5,16.7,0,0
"2016-06-11",2016-06-11,3.1,15.9,0.5,0
"2016-06-12",2016-06-12,7.7,20.2,0,0
"2016-06-13",2016-06-13,7.5,16.7,0,0
"2016-06-14",2016-06-14,5.5,19.2,0,0
"2016-06-15",2016-06-15,4.5,23.2,0,0
"2016-06-16",2016-06-16,3.1,21.9,0,0
"2016-06-17",2016-06-17,3.7,19,3,0
"2016-06-18",2016-06-18,4.4,19,0,0
"2016-06-19",2016-06-19,5.2,19.8,0,0
"2016-06-20",2016-06-20,5.7,21.6,0,0
"2016-06-21",2016-06-21,5.8,23,0.5,0
"2016-06-22",2016-06-22,4.3,22.3,0,0
"2016-06-23",2016-06-23,4,20.8,0,0
"2016-06-24",2016-06-24,3.8,19.6,0,0
"2016-06-25",2016-06-25,2.8,18.8,0,0
"2016-06-26",2016-06-26,4.3,20.9,0,0
"2016-06-27",2016-06-27,6.8,23.1,0,0
"2016-06-28",2016-06-28,4.7,22.7,2,0
"2016-06-29",2016-06-29,3.8,23.5,0.8,0
"2016-06-30",2016-06-30,4.4,23,0,0
"2016-07-01",2016-07-01,5.1,24.2,5.1,0
"2016-07-02",2016-07-02,5.7,22.7,0,0
"2016-07-03",2016-07-03,4.9,23,0,0
"2016-07-04",2016-07-04,5.3,25.1,0,0
"2016-07-05",2016-07-05,2.3,21.3,5.8,0
"2016-07-06",2016-07-06,4,25.8,0,0
"2016-07-07",2016-07-07,3.6,21.3,0,0
"2016-07-08",2016-07-08,4.7,17.3,0.5,0
"2016-07-09",2016-07-09,4.3,16.4,2.8,0
"2016-07-10",2016-07-10,2.8,16.4,2.3,0
"2016-07-11",2016-07-11,3.1,18.1,0,0
"2016-07-12",2016-07-12,4,24,0,0
"2016-07-13",2016-07-13,5.4,25.5,0,0
"2016-07-14",2016-07-14,6.4,24.7,0,0
"2016-07-15",2016-07-15,3.8,27.4,0,0
"2016-07-16",2016-07-16,3.8,28.8,0,0
"2016-07-17",2016-07-17,3.2,24.6,0,0
"2016-07-18",2016-07-18,5.3,25.6,0.3,0
"2016-07-19",2016-07-19,4.8,25.5,0,0
"2016-07-20",2016-07-20,4.6,23.3,0,0
"2016-07-21",2016-07-21,4.3,26.2,0,0
"2016-07-22",2016-07-22,7.7,28.7,0,0
"2016-07-23",2016-07-23,4.8,28.1,0,0
"2016-07-24",2016-07-24,3.5,24.9,0,0
"2016-07-25",2016-07-25,3.9,24.2,0,0
"2016-07-26",2016-07-26,5.6,28.9,0,0
"2016-07-27",2016-07-27,4.3,27.1,0,0
"2016-07-28",2016-07-28,3.2,27.6,0,0
"2016-07-29",2016-07-29,3.8,24.8,1.5,0
"2016-07-30",2016-07-30,4.3,23.8,0,0
"2016-07-31",2016-07-31,4,21.8,3.8,0
"2016-08-01",2016-08-01,3.9,21.4,0,0
"2016-08-02",2016-08-02,3.1,21.1,1,0
"2016-08-03",2016-08-03,3.7,21,0,0
"2016-08-04",2016-08-04,5.1,23.2,0,0
"2016-08-05",2016-08-05,5.4,24.1,0,0
"2016-08-06",2016-08-06,5.4,25.2,0.5,0
"2016-08-07",2016-08-07,4.3,26.8,0,0
"2016-08-08",2016-08-08,4.1,24.6,0,0
"2016-08-09",2016-08-09,4.9,23.9,0,0
"2016-08-10",2016-08-10,5.1,23.6,5.8,0
"2016-08-11",2016-08-11,4.4,28.6,0,0
"2016-08-12",2016-08-12,5.9,29.9,0.3,0
"2016-08-13",2016-08-13,4.6,23.2,8.6,0
"2016-08-14",2016-08-14,5.1,26.7,4.6,0
"2016-08-15",2016-08-15,4.1,28.2,0,0
"2016-08-16",2016-08-16,4.3,23.6,0,0
"2016-08-17",2016-08-17,6.7,27.1,0,0
"2016-08-18",2016-08-18,3.4,25.2,0,0
"2016-08-19",2016-08-19,4.3,25.4,0,0
"2016-08-20",2016-08-20,4.1,23.1,0,0
"2016-08-21",2016-08-21,4.8,21.7,0.3,0
"2016-08-22",2016-08-22,6.2,22.9,22.6,0
"2016-08-23",2016-08-23,4.2,21.4,0,0
"2016-08-24",2016-08-24,4.1,23.6,0,0
"2016-08-25",2016-08-25,6.3,25.3,0,0
"2016-08-26",2016-08-26,4.3,26.6,0,0
"2016-08-27",2016-08-27,4.1,25.6,0,0
"2016-08-28",2016-08-28,4.8,22.5,0,0
"2016-08-29",2016-08-29,6,25,0,0
"2016-08-30",2016-08-30,4.1,21.9,0,0
"2016-08-31",2016-08-31,5.3,23.5,0,0
"2016-09-01",2016-09-01,3.6,23.6,0.5,0
"2016-09-02",2016-09-02,4.5,20.7,0,0
"2016-09-03",2016-09-03,3,18.6,0,0
"2016-09-04",2016-09-04,5.5,18.6,0,0
"2016-09-05",2016-09-05,8.4,18.4,1.8,0
"2016-09-06",2016-09-06,6.3,18.4,3.6,0
"2016-09-07",2016-09-07,3.8,20.4,0.8,0
"2016-09-08",2016-09-08,3.3,20.9,0,0
"2016-09-09",2016-09-09,4,26.2,0,0
"2016-09-10",2016-09-10,3.9,23.9,0.3,0
"2016-09-11",2016-09-11,6.4,24.2,0.8,0
"2016-09-12",2016-09-12,4,19.1,0,0
"2016-09-13",2016-09-13,5.1,21.3,0,0
"2016-09-14",2016-09-14,6.3,23.2,1.5,0
"2016-09-15",2016-09-15,4.5,17.2,0,0
"2016-09-16",2016-09-16,4.7,16.8,0,0
"2016-09-17",2016-09-17,5.3,18.5,0,0
"2016-09-18",2016-09-18,5.8,22.8,0,0
"2016-09-19",2016-09-19,2.8,22.2,8.4,0
"2016-09-20",2016-09-20,2.7,21.2,0,0
"2016-09-21",2016-09-21,3.7,23.7,0,0
"2016-09-22",2016-09-22,3.2,21.7,0,0
"2016-09-23",2016-09-23,4.2,20.9,8.6,0
"2016-09-24",2016-09-24,4.5,15.4,0,0
"2016-09-25",2016-09-25,5.5,14.3,0,0
"2016-09-26",2016-09-26,4.2,13.6,0,0
"2016-09-27",2016-09-27,2.4,17.3,5.6,0
"2016-09-28",2016-09-28,7.9,15,0,0
"2016-09-29",2016-09-29,8.1,13.9,0,0
"2016-09-30",2016-09-30,7.9,14.6,3.3,0
"2016-10-01",2016-10-01,6.7,13.8,18,0
"2016-10-02",2016-10-02,3.4,12.8,0.8,0
"2016-10-03",2016-10-03,3.6,15.3,0,0
"2016-10-04",2016-10-04,5.6,15.2,0,0
"2016-10-05",2016-10-05,3.4,12.2,0,0
"2016-10-06",2016-10-06,2.2,13.6,0,0
"2016-10-07",2016-10-07,2.1,15.6,0,0
"2016-10-08",2016-10-08,2.4,15.3,0.3,0
"2016-10-09",2016-10-09,5.8,15.1,46.7,0
"2016-10-10",2016-10-10,7,10.4,0,0
"2016-10-11",2016-10-11,3.3,10.5,0,0
"2016-10-12",2016-10-12,3.4,12.6,0,0
"2016-10-13",2016-10-13,4.3,15.6,0,0
"2016-10-14",2016-10-14,4.3,12.2,0,0
"2016-10-15",2016-10-15,3.6,9.7,0,0
"2016-10-16",2016-10-16,5.8,13.4,0,0
"2016-10-17",2016-10-17,3,18.8,0,0
"2016-10-18",2016-10-18,3.7,16.4,3.6,0
"2016-10-19",2016-10-19,5.2,21.9,0,0
"2016-10-20",2016-10-20,5.6,15.8,2,0
"2016-10-21",2016-10-21,3.6,16.8,28.2,0
"2016-10-22",2016-10-22,5.8,16.1,3.8,0
"2016-10-23",2016-10-23,8.8,9.8,0,0
"2016-10-24",2016-10-24,7,12.3,0,0
"2016-10-25",2016-10-25,6.4,7.6,0,0
"2016-10-26",2016-10-26,5.5,5.4,0,0
"2016-10-27",2016-10-27,4.3,4.7,16.5,0
"2016-10-28",2016-10-28,8.4,8.9,15.5,0
"2016-10-29",2016-10-29,4.4,8.3,0,0
"2016-10-30",2016-10-30,4.1,14.4,3.3,0
"2016-10-31",2016-10-31,5.5,8.2,0,0
"2016-11-01",2016-11-01,3.2,5.8,0,0
"2016-11-02",2016-11-02,2.6,12.6,0,0
"2016-11-03",2016-11-03,3.4,13.5,2,0
"2016-11-04",2016-11-04,4.7,11.3,0,0
"2016-11-05",2016-11-05,3.6,7.2,0,0
"2016-11-06",2016-11-06,5,9.1,2.3,0
"2016-11-07",2016-11-07,4.1,5.8,0,0
"2016-11-08",2016-11-08,2.1,7.9,0,0
"2016-11-09",2016-11-09,3.2,11.3,0.3,0
"2016-11-10",2016-11-10,5,8.2,0,0
"2016-11-11",2016-11-11,8.3,10.1,0,0
"2016-11-12",2016-11-12,6,4.8,0,0
"2016-11-13",2016-11-13,4.7,9.3,0,0
"2016-11-14",2016-11-14,4.3,11.6,0,0
"2016-11-15",2016-11-15,5,10.6,25.1,0
"2016-11-16",2016-11-16,5.1,11.6,0.8,0
"2016-11-17",2016-11-17,5.2,10.8,0,0
"2016-11-18",2016-11-18,4.1,10.1,0,0
"2016-11-19",2016-11-19,3,8.9,0,0
"2016-11-20",2016-11-20,8,6.9,2,0
"2016-11-21",2016-11-21,8.1,1.2,0,0
"2016-11-22",2016-11-22,7.6,2.1,0,0
"2016-11-23",2016-11-23,6,2.9,0,0
"2016-11-24",2016-11-24,2.1,2.9,1.3,0
"2016-11-25",2016-11-25,2.1,5.8,0.8,0
"2016-11-26",2016-11-26,3.1,5.6,0,0
"2016-11-27",2016-11-27,6,4.9,0,0
"2016-11-28",2016-11-28,3.6,3.9,0,0
"2016-11-29",2016-11-29,4.3,5.8,10.9,0
"2016-11-30",2016-11-30,4.5,9.1,23.1,0
"2016-12-01",2016-12-01,7,10.1,7.9,0
"2016-12-02",2016-12-02,6.4,7.2,0,0
"2016-12-03",2016-12-03,7,5.4,0,0
"2016-12-04",2016-12-04,4.5,2.7,0,0
"2016-12-05",2016-12-05,3.5,1.3,3.6,8
"2016-12-06",2016-12-06,3.4,3.8,0,0
"2016-12-07",2016-12-07,3.4,4.4,2,0
"2016-12-08",2016-12-08,4.9,3.9,0,0
"2016-12-09",2016-12-09,7.2,1.2,0,0
"2016-12-10",2016-12-10,5.3,-3.6,0,0
"2016-12-11",2016-12-11,3.3,-3.3,0.5,5
"2016-12-12",2016-12-12,5,2.5,10.7,18
"2016-12-13",2016-12-13,4.7,3.4,0,0
"2016-12-14",2016-12-14,5,3.1,0,0
"2016-12-15",2016-12-15,9.8,-2.7,0,0
"2016-12-16",2016-12-16,6.3,-10.8,0,0
"2016-12-17",2016-12-17,3.2,-3.4,13.5,109
"2016-12-18",2016-12-18,7.8,6.9,2.8,0
"2016-12-19",2016-12-19,5.1,-2.6,0,0
"2016-12-20",2016-12-20,3.7,-4.6,0,0
"2016-12-21",2016-12-21,5.1,1.8,0,0
"2016-12-22",2016-12-22,3.5,1.8,0.5,0
"2016-12-23",2016-12-23,4.9,3.7,0,0
"2016-12-24",2016-12-24,5.2,4.4,9.7,0
"2016-12-25",2016-12-25,5.3,4.2,0,0
"2016-12-26",2016-12-26,4.6,-0.9,0.3,0
"2016-12-27",2016-12-27,8.9,10.5,0,0
"2016-12-28",2016-12-28,4.8,4,0,0
"2016-12-29",2016-12-29,5.1,1.6,29.5,10
"2016-12-30",2016-12-30,7.9,2.4,0,0
"2016-12-31",2016-12-31,6.3,-0.3,1.8,0
"2017-01-01",2017-01-01,6.3,4.4,1.8,0
"2017-01-02",2017-01-02,2,1.7,0,0
"2017-01-03",2017-01-03,8.1,5.2,22.6,0
"2017-01-04",2017-01-04,5.6,5.9,1.5,0
"2017-01-05",2017-01-05,6.6,-0.1,0,0
"2017-01-06",2017-01-06,3.6,-1.8,1.5,28
"2017-01-07",2017-01-07,6.4,-5.2,13.5,178
"2017-01-08",2017-01-08,6,-7.8,0.3,5
"2017-01-09",2017-01-09,5,-9.2,0,0
"2017-01-10",2017-01-10,4.2,-5.1,3.6,0
"2017-01-11",2017-01-11,6.7,7.4,2.3,0
"2017-01-12",2017-01-12,6.5,10.1,3.8,0
"2017-01-13",2017-01-13,7.3,9.2,0,0
"2017-01-14",2017-01-14,4.3,-3.4,0,0
"2017-01-15",2017-01-15,4.1,-0.3,0,0
"2017-01-16",2017-01-16,4.3,-0.4,0,0
"2017-01-17",2017-01-17,5.1,2.9,7.6,0
"2017-01-18",2017-01-18,6.2,3.2,9.1,0
"2017-01-19",2017-01-19,3.6,2.6,0,0
"2017-01-20",2017-01-20,2.4,3.4,0,0
"2017-01-21",2017-01-21,3.2,6,0,0
"2017-01-22",2017-01-22,4.9,6.6,1.5,0
"2017-01-23",2017-01-23,11.3,3.3,7.9,0
"2017-01-24",2017-01-24,10.9,3.8,27.7,0
"2017-01-25",2017-01-25,7,3.6,0.5,0
"2017-01-26",2017-01-26,6,5.7,1.3,0
"2017-01-27",2017-01-27,7.9,4.8,0,0
"2017-01-28",2017-01-28,6.8,2.9,0,0
"2017-01-29",2017-01-29,5.1,2.2,0,0
"2017-01-30",2017-01-30,4.4,0.5,0,0
"2017-01-31",2017-01-31,3.3,-3.9,1.5,15
"2017-02-01",2017-02-01,4.5,0.1,1.3,20
"2017-02-02",2017-02-02,6,2.1,0,0
"2017-02-03",2017-02-03,5.2,-1.3,0,0
"2017-02-04",2017-02-04,5.9,-2.9,0,0
"2017-02-05",2017-02-05,6,0.1,0,0
"2017-02-06",2017-02-06,6.3,2.2,0,0
"2017-02-07",2017-02-07,7.4,1.4,11.2,30
"2017-02-08",2017-02-08,4.1,2.6,0.5,0
"2017-02-09",2017-02-09,9.4,0.2,31.8,277
"2017-02-10",2017-02-10,5.8,-8.6,0,0
"2017-02-11",2017-02-11,4,-6.2,5.3,81
"2017-02-12",2017-02-12,6.5,-3.7,19.6,38
"2017-02-13",2017-02-13,8.9,-0.9,2.3,56
"2017-02-14",2017-02-14,4.3,-2.7,0,0
"2017-02-15",2017-02-15,3.1,0.2,5.6,3
"2017-02-16",2017-02-16,7.3,0.8,1.8,41
"2017-02-17",2017-02-17,6.2,-0.9,0,0
"2017-02-18",2017-02-18,6.1,2.4,0,0
"2017-02-19",2017-02-19,4.8,9.3,0,0
"2017-02-20",2017-02-20,5,6.8,0,0
"2017-02-21",2017-02-21,4.1,1.9,0,0
"2017-02-22",2017-02-22,3.6,5.9,0,0
"2017-02-23",2017-02-23,5.5,9.6,0,0
"2017-02-24",2017-02-24,5.3,13.8,0,0
"2017-02-25",2017-02-25,4.9,13.9,2.5,0
"2017-02-26",2017-02-26,7.8,6.9,0,0
"2017-02-27",2017-02-27,7.5,4.2,0,0
"2017-02-28",2017-02-28,3.4,6.7,0,0
"2017-03-01",2017-03-01,6.5,11.6,0.5,0
"2017-03-02",2017-03-02,9.8,10,0,0
"2017-03-03",2017-03-03,6.5,-0.4,0,3
"2017-03-04",2017-03-04,8.7,-6.9,0,0
"2017-03-05",2017-03-05,7.9,-7.8,0,0
"2017-03-06",2017-03-06,3.6,-3.8,0,0
"2017-03-07",2017-03-07,4.3,2.5,0.5,0
"2017-03-08",2017-03-08,6.4,10.4,1.3,0
"2017-03-09",2017-03-09,8,8,0,0
"2017-03-10",2017-03-10,3.7,1.2,5.1,66
"2017-03-11",2017-03-11,8.7,-7.3,0.5,5
"2017-03-12",2017-03-12,7.4,-8.5,0,0
"2017-03-13",2017-03-13,4.7,-5.7,0,0
"2017-03-14",2017-03-14,10.6,-0.8,41.1,168
"2017-03-15",2017-03-15,8.7,-3.3,0,0
"2017-03-16",2017-03-16,7.2,-3.3,0,0
"2017-03-17",2017-03-17,4.3,0.4,0,0
"2017-03-18",2017-03-18,5.2,0.1,0,0
"2017-03-19",2017-03-19,7.2,1.2,0.3,0
"2017-03-20",2017-03-20,5.1,4.6,0,0
"2017-03-21",2017-03-21,4,7.1,0,0
"2017-03-22",2017-03-22,9.3,3.1,0,0
"2017-03-23",2017-03-23,6,-3.8,0,0
"2017-03-24",2017-03-24,4.7,1.7,0.8,0
"2017-03-25",2017-03-25,3.1,5.3,2,0
"2017-03-26",2017-03-26,5.1,2,0,0
"2017-03-27",2017-03-27,3.8,3.9,12.2,0
"2017-03-28",2017-03-28,3,3.3,18.3,0
"2017-03-29",2017-03-29,6,4.7,1.5,0
"2017-03-30",2017-03-30,4.7,4.2,0,0
"2017-03-31",2017-03-31,5.6,2.9,22.1,15
"2017-04-01",2017-04-01,8.8,1.8,39.6,30
"2017-04-02",2017-04-02,4.2,4.8,0,0
"2017-04-03",2017-04-03,4,8.2,0,0
"2017-04-04",2017-04-04,7.4,5.3,17.3,0
"2017-04-05",2017-04-05,3.7,4.2,0,0
"2017-04-06",2017-04-06,6.4,3.8,34.5,0
"2017-04-07",2017-04-07,7.5,9.1,0,0
"2017-04-08",2017-04-08,7.2,6.2,0,0
"2017-04-09",2017-04-09,4.3,10.3,0,0
"2017-04-10",2017-04-10,5.5,15,0,0
"2017-04-11",2017-04-11,5,17.7,0,0
"2017-04-12",2017-04-12,3.5,12.8,0.5,0
"2017-04-13",2017-04-13,5,11.7,0,0
"2017-04-14",2017-04-14,4.2,10.7,0,0
"2017-04-15",2017-04-15,7.1,12.4,0,0
"2017-04-16",2017-04-16,7.9,20.7,0,0
"2017-04-17",2017-04-17,6.4,20.9,0,0
"2017-04-18",2017-04-18,6,9.7,0,0
"2017-04-19",2017-04-19,5.6,7,1.8,0
"2017-04-20",2017-04-20,4.5,8.8,0.3,0
"2017-04-21",2017-04-21,6.4,7.1,13,0
"2017-04-22",2017-04-22,4,6.6,1.3,0
"2017-04-23",2017-04-23,5.3,8.6,0,0
"2017-04-24",2017-04-24,3.8,11.8,0,0
"2017-04-25",2017-04-25,7.1,9.3,22.6,0
"2017-04-26",2017-04-26,4.5,10.1,14.2,0
"2017-04-27",2017-04-27,3,11.5,0,0
"2017-04-28",2017-04-28,3.4,17.2,0.3,0
"2017-04-29",2017-04-29,5.9,22.6,0,0
"2017-04-30",2017-04-30,5.2,12.8,0.3,0
"2017-05-01",2017-05-01,4.1,8.3,0,0
"2017-05-02",2017-05-02,3.6,9.7,4.8,0
"2017-05-03",2017-05-03,6.6,13.6,0,0
"2017-05-04",2017-05-04,5.3,10.7,0,0
"2017-05-05",2017-05-05,5.1,9.4,16.3,0
"2017-05-06",2017-05-06,4.8,13.4,2.5,0
"2017-05-07",2017-05-07,7,14.2,0,0
"2017-05-08",2017-05-08,6,10.1,0,0
"2017-05-09",2017-05-09,3.3,8.1,0,0
"2017-05-10",2017-05-10,4.1,10,0,0
"2017-05-11",2017-05-11,4.6,10.3,0,0
"2017-05-12",2017-05-12,3.7,9.7,0.3,0
"2017-05-13",2017-05-13,5.3,9.3,0.5,0
"2017-05-14",2017-05-14,8,8.8,24.1,0
"2017-05-15",2017-05-15,6.4,10.8,1.8,0
"2017-05-16",2017-05-16,5.5,18.3,0,0
"2017-05-17",2017-05-17,4.8,24,0,0
"2017-05-18",2017-05-18,6.6,28.7,1.3,0
"2017-05-19",2017-05-19,7.1,26.8,0.3,0
"2017-05-20",2017-05-20,4.9,14.6,0,0
"2017-05-21",2017-05-21,4.7,13.4,0,0
"2017-05-22",2017-05-22,3.6,12.2,3,0
"2017-05-23",2017-05-23,2.9,13.9,0,0
"2017-05-24",2017-05-24,2.6,14.8,0,0
"2017-05-25",2017-05-25,6.7,11.9,16,0
"2017-05-26",2017-05-26,4.6,11.5,14,0
"2017-05-27",2017-05-27,4.1,13.4,0,0
"2017-05-28",2017-05-28,3.6,14.5,0,0
"2017-05-29",2017-05-29,4.7,11.5,1.3,0
"2017-05-30",2017-05-30,3.2,10.7,0,0
"2017-05-31",2017-05-31,3.5,15.1,1.5,0
"2017-06-01",2017-06-01,4.4,19.2,4.1,0
"2017-06-02",2017-06-02,6.1,18.4,0.3,0
"2017-06-03",2017-06-03,4.7,16.3,0,0
"2017-06-04",2017-06-04,4.4,16.6,4.6,0
"2017-06-05",2017-06-05,7.1,13.1,15,0
"2017-06-06",2017-06-06,7.5,9.9,20.3,0
"2017-06-07",2017-06-07,3.6,12.5,1,0
"2017-06-08",2017-06-08,3.4,15.9,0,0
"2017-06-09",2017-06-09,4.5,17.5,0,0
"2017-06-10",2017-06-10,5.1,22.9,0,0
"2017-06-11",2017-06-11,6.4,25.9,0,0
"2017-06-12",2017-06-12,4.9,28.9,0,0
"2017-06-13",2017-06-13,4.7,29.3,13.5,0
"2017-06-14",2017-06-14,4.7,21.7,0,0
"2017-06-15",2017-06-15,5.2,17.9,0,0
"2017-06-16",2017-06-16,4.6,17.6,54.1,0
"2017-06-17",2017-06-17,2.2,16.3,0.5,0
"2017-06-18",2017-06-18,5.9,22.4,0,0
"2017-06-19",2017-06-19,7.1,24,0.8,0
"2017-06-20",2017-06-20,6.2,24.3,3.3,0
"2017-06-21",2017-06-21,5.7,24.5,0,0
"2017-06-22",2017-06-22,3.7,23.4,0,0
"2017-06-23",2017-06-23,5.4,24.7,0,0
"2017-06-24",2017-06-24,5.8,24.6,2,0
"2017-06-25",2017-06-25,4.7,24.8,0,0
"2017-06-26",2017-06-26,5.1,21.6,0,0
"2017-06-27",2017-06-27,4.3,19.8,2,0
"2017-06-28",2017-06-28,4.9,19.3,0,0
"2017-06-29",2017-06-29,5.6,21.6,0,0
"2017-06-30",2017-06-30,6,23.2,1.8,0
"2017-07-01",2017-07-01,6.2,24.5,2.8,0
"2017-07-02",2017-07-02,5.1,26.1,0,0
"2017-07-03",2017-07-03,5.8,26.7,0,0
"2017-07-04",2017-07-04,2.8,24.4,0,0
"2017-07-05",2017-07-05,3.8,21.8,0,0
"2017-07-06",2017-07-06,4.3,21.8,0,0
"2017-07-07",2017-07-07,3.7,19.3,7.6,0
"2017-07-08",2017-07-08,4.1,21.9,10.2,0
"2017-07-09",2017-07-09,5.3,23.4,0,0
"2017-07-10",2017-07-10,5.6,24.9,0,0
"2017-07-11",2017-07-11,3.6,22.6,4.3,0
"2017-07-12",2017-07-12,3.4,24.4,33.8,0
"2017-07-13",2017-07-13,4.7,18.7,3.6,0
"2017-07-14",2017-07-14,3.3,16.4,0,0
"2017-07-15",2017-07-15,3,18.7,0,0
"2017-07-16",2017-07-16,4.3,23.2,0,0
"2017-07-17",2017-07-17,3.8,24.3,0,0
"2017-07-18",2017-07-18,3.5,23.3,3,0
"2017-07-19",2017-07-19,4,26.3,0,0
"2017-07-20",2017-07-20,3.4,28.7,0,0
"2017-07-21",2017-07-21,4.6,27.3,0,0
"2017-07-22",2017-07-22,3.4,25.8,0,0
"2017-07-23",2017-07-23,5.2,21.7,0,0
"2017-07-24",2017-07-24,6.1,16.6,35.8,0
"2017-07-25",2017-07-25,3.7,15.4,0.3,0
"2017-07-26",2017-07-26,3.7,19.2,0,0
"2017-07-27",2017-07-27,5.5,19.7,1,0
"2017-07-28",2017-07-28,3.5,22.3,0,0
"2017-07-29",2017-07-29,6.2,19.8,0,0
"2017-07-30",2017-07-30,4.5,19.1,0,0
"2017-07-31",2017-07-31,3.8,21.1,0,0
"2017-08-01",2017-08-01,3.4,23.6,0,0
"2017-08-02",2017-08-02,3.8,23.2,24.4,0
"2017-08-03",2017-08-03,4.5,23.1,0,0
"2017-08-04",2017-08-04,4.5,23.9,0,0
"2017-08-05",2017-08-05,4.4,22.5,4.1,0
"2017-08-06",2017-08-06,6.3,21.5,0,0
"2017-08-07",2017-08-07,4.3,21.7,0,0
"2017-08-08",2017-08-08,3.7,19.6,0,0
"2017-08-09",2017-08-09,3.8,22.8,0,0
"2017-08-10",2017-08-10,3.8,23.2,0,0
"2017-08-11",2017-08-11,4.3,21.7,0,0
"2017-08-12",2017-08-12,4,20.2,2.5,0
"2017-08-13",2017-08-13,4.5,24.6,0,0
"2017-08-14",2017-08-14,2.6,22.2,0,0
"2017-08-15",2017-08-15,4,22.6,0,0
"2017-08-16",2017-08-16,4.7,23.7,0,0
"2017-08-17",2017-08-17,3.5,22.7,0,0
"2017-08-18",2017-08-18,4.8,22.3,6.1,0
"2017-08-19",2017-08-19,2.8,21.1,0.3,0
"2017-08-20",2017-08-20,4.8,24.1,0,0
"2017-08-21",2017-08-21,4.3,25.1,0,0
"2017-08-22",2017-08-22,5.7,25.9,0,0
"2017-08-23",2017-08-23,5.5,25.4,1,0
"2017-08-24",2017-08-24,3.5,22.5,0,0
"2017-08-25",2017-08-25,3.5,19.9,0,0
"2017-08-26",2017-08-26,3.4,19.3,0,0
"2017-08-27",2017-08-27,3.4,18.1,0,0
"2017-08-28",2017-08-28,3,18.1,0,0
"2017-08-29",2017-08-29,3.3,17.1,0,0
"2017-08-30",2017-08-30,4.1,18.1,1.8,0
"2017-08-31",2017-08-31,5.4,20,0,0
"2017-09-01",2017-09-01,6.6,16.8,0,0
"2017-09-02",2017-09-02,4.4,15.8,0,0
"2017-09-03",2017-09-03,5.8,15.4,7.1,0
"2017-09-04",2017-09-04,6.2,19,0,0
"2017-09-05",2017-09-05,7.6,23.2,0,0
"2017-09-06",2017-09-06,3.7,21.3,5.6,0
"2017-09-07",2017-09-07,4.8,18.9,15.2,0
"2017-09-08",2017-09-08,4.6,18.6,0,0
"2017-09-09",2017-09-09,3.7,16.8,0.3,0
"2017-09-10",2017-09-10,3.9,16.8,0,0
"2017-09-11",2017-09-11,4.4,19,0,0
"2017-09-12",2017-09-12,3.8,22.3,0,0
"2017-09-13",2017-09-13,3.8,21.7,0.8,0
"2017-09-14",2017-09-14,5,23.5,8.4,0
"2017-09-15",2017-09-15,3.1,21.9,5.3,0
"2017-09-16",2017-09-16,1.9,19.6,0,0
"2017-09-17",2017-09-17,2,18.2,0,0
"2017-09-18",2017-09-18,3,18.5,0,0
"2017-09-19",2017-09-19,6.1,17.8,1,0
"2017-09-20",2017-09-20,9,18.8,6.9,0
"2017-09-21",2017-09-21,10.3,21.1,0,0
"2017-09-22",2017-09-22,9.9,15.9,4.1,0
"2017-09-23",2017-09-23,4,18,0.8,0
"2017-09-24",2017-09-24,1.4,19.9,0,0
"2017-09-25",2017-09-25,2.1,21.4,0,0
"2017-09-26",2017-09-26,2.2,20.8,0,0
"2017-09-27",2017-09-27,3.8,23.5,0,0
"2017-09-28",2017-09-28,5.9,23.8,0,0
"2017-09-29",2017-09-29,4.2,15.2,0,0
"2017-09-30",2017-09-30,4.7,13.3,39.4,0
"2017-10-01",2017-10-01,3.7,12.6,0,0
"2017-10-02",2017-10-02,3.8,14.8,0,0
"2017-10-03",2017-10-03,4,14.7,0,0
"2017-10-04",2017-10-04,7.1,16.8,0,0
"2017-10-05",2017-10-05,4.8,21.3,0,0
"2017-10-06",2017-10-06,2.8,20.4,0,0
"2017-10-07",2017-10-07,4,19,0,0
"2017-10-08",2017-10-08,6.2,21.8,2.8,0
"2017-10-09",2017-10-09,4.9,21.8,6.9,0
"2017-10-10",2017-10-10,4.8,23.2,0,0
"2017-10-11",2017-10-11,4.6,18.2,0.3,0
"2017-10-12",2017-10-12,6.1,13.6,0,0
"2017-10-13",2017-10-13,4.7,12.6,0,0
"2017-10-14",2017-10-14,1.4,15.5,2.5,0
"2017-10-15",2017-10-15,6,18.1,0,0
"2017-10-16",2017-10-16,6.1,17,0,0
"2017-10-17",2017-10-17,4.6,8.9,0,0
"2017-10-18",2017-10-18,4.2,14,0,0
"2017-10-19",2017-10-19,5.9,16.3,0,0
"2017-10-20",2017-10-20,5.5,17.3,0,0
"2017-10-21",2017-10-21,3,17.8,0,0
"2017-10-22",2017-10-22,2.1,15.9,0,0
"2017-10-23",2017-10-23,1.8,13.3,0,0
"2017-10-24",2017-10-24,8.3,19.1,1.8,0
"2017-10-25",2017-10-25,3.8,19.5,32.8,0
"2017-10-26",2017-10-26,5.7,15,8.9,0
"2017-10-27",2017-10-27,4.9,11.5,0,0
"2017-10-28",2017-10-28,3.9,13.3,0,0
"2017-10-29",2017-10-29,7.5,14.7,25.4,0
"2017-10-30",2017-10-30,10.2,15.2,23.9,0
"2017-10-31",2017-10-31,5.8,11.4,0,0
"2017-11-01",2017-11-01,2.9,9.1,0,0
"2017-11-02",2017-11-02,4.1,14.8,0,0
"2017-11-03",2017-11-03,6.6,17.9,0.3,0
"2017-11-04",2017-11-04,4.7,10.3,0,0
"2017-11-05",2017-11-05,4.6,11.3,0,0
"2017-11-06",2017-11-06,6,16.2,2,0
"2017-11-07",2017-11-07,4.6,8.6,3.3,0
"2017-11-08",2017-11-08,5.2,4.7,0.8,0
"2017-11-09",2017-11-09,3.3,4.9,0,0
"2017-11-10",2017-11-10,8.2,4.9,0.5,0
"2017-11-11",2017-11-11,4.3,-2.1,0,0
"2017-11-12",2017-11-12,1.7,1.7,0,0
"2017-11-13",2017-11-13,4.1,4.3,3.3,0
"2017-11-14",2017-11-14,4.4,3.9,0,0
"2017-11-15",2017-11-15,3.6,4,0,0
"2017-11-16",2017-11-16,4.5,6.4,4.8,0
"2017-11-17",2017-11-17,7.2,5.4,0,0
"2017-11-18",2017-11-18,3,3.2,2.3,0
"2017-11-19",2017-11-19,8.2,10.9,5.8,0
"2017-11-20",2017-11-20,7.2,3.6,0,0
"2017-11-21",2017-11-21,6.4,7.3,0,0
"2017-11-22",2017-11-22,5,9.3,22.6,0
"2017-11-23",2017-11-23,4.1,3.2,0,0
"2017-11-24",2017-11-24,4.1,3.9,0,0
"2017-11-25",2017-11-25,4.8,7.9,0,0
"2017-11-26",2017-11-26,6.9,8.8,0,0
"2017-11-27",2017-11-27,5.8,4.1,0,0
"2017-11-28",2017-11-28,4.1,-0.6,0,0
"2017-11-29",2017-11-29,7.4,9.8,0,0
"2017-11-30",2017-11-30,3.5,3.8,0,0
"2017-12-01",2017-12-01,4.6,7.9,2.3,0
"2017-12-02",2017-12-02,2.3,3.9,0,0
"2017-12-03",2017-12-03,2.2,4.1,0,0
"2017-12-04",2017-12-04,3.2,3.8,0,0
"2017-12-05",2017-12-05,7.1,5.2,2,0
"2017-12-06",2017-12-06,6.3,10.6,11.7,0
"2017-12-07",2017-12-07,5.1,3.9,0,0
"2017-12-08",2017-12-08,4.3,2.6,0,0
"2017-12-09",2017-12-09,3.4,1.5,16.8,147
"2017-12-10",2017-12-10,5.5,0.7,0.8,8
"2017-12-11",2017-12-11,4.2,1.2,0,0
"2017-12-12",2017-12-12,5.1,3.8,1,0
"2017-12-13",2017-12-13,9.4,-2,0,0
"2017-12-14",2017-12-14,6.6,-4.2,0,0
"2017-12-15",2017-12-15,3.3,-5.7,0,0
"2017-12-16",2017-12-16,6.1,-2.7,0,0
"2017-12-17",2017-12-17,4.3,-3.7,0,0
"2017-12-18",2017-12-18,1.6,-2.7,0,0
"2017-12-19",2017-12-19,5.1,4.5,0,0
"2017-12-20",2017-12-20,7,6.3,0,0
"2017-12-21",2017-12-21,4.5,-0.7,0,0
"2017-12-22",2017-12-22,4,-2.8,2.5,3
"2017-12-23",2017-12-23,3.5,-1.1,14.7,0
"2017-12-24",2017-12-24,5,2.1,0,0
"2017-12-25",2017-12-25,8.5,0.7,11.2,74
"2017-12-26",2017-12-26,6.8,-3.6,0,0
"2017-12-27",2017-12-27,6,-8,0,0
"2017-12-28",2017-12-28,7.7,-12.1,0,0
"2017-12-29",2017-12-29,5.2,-14.2,0,0
"2017-12-30",2017-12-30,3.8,-11.7,0.3,3
"2017-12-31",2017-12-31,6.9,-11.3,0,0
"2018-01-01",2018-01-01,7.3,-14.7,0,0
"2018-01-02",2018-01-02,5.7,-12.3,0,0
"2018-01-03",2018-01-03,4.2,-6.2,0,0
"2018-01-04",2018-01-04,10.1,-3.6,34.3,340
"2018-01-05",2018-01-05,11.1,-7.8,0,0
"2018-01-06",2018-01-06,9.8,-13.1,0,0
"2018-01-07",2018-01-07,7.2,-15.1,0,0
"2018-01-08",2018-01-08,7.5,-4.3,0,0
"2018-01-09",2018-01-09,6.2,1.8,0,0
"2018-01-10",2018-01-10,3.3,-0.4,0,0
"2018-01-11",2018-01-11,5,4.1,0,0
"2018-01-12",2018-01-12,6.6,9.8,15.7,0
"2018-01-13",2018-01-13,9,10.2,31.5,0
"2018-01-14",2018-01-14,5.2,-7.1,0,0
"2018-01-15",2018-01-15,6.1,-8.9,0,8
"2018-01-16",2018-01-16,2.3,-4.2,0,0
"2018-01-17",2018-01-17,2.9,0.2,5.3,43
"2018-01-18",2018-01-18,5,-2.1,0,0
"2018-01-19",2018-01-19,4.3,-2.4,0,0
"2018-01-20",2018-01-20,6.4,2.9,0,0
"2018-01-21",2018-01-21,2.7,5.8,0,0
"2018-01-22",2018-01-22,2.2,2.4,1.5,0
"2018-01-23",2018-01-23,4.1,3.5,32,0
"2018-01-24",2018-01-24,6.5,3.6,0,0
"2018-01-25",2018-01-25,7.2,-3.6,0,0
"2018-01-26",2018-01-26,5.1,-4,0,0
"2018-01-27",2018-01-27,7.3,2.5,0,0
"2018-01-28",2018-01-28,4.6,9.4,0.8,0
"2018-01-29",2018-01-29,7.1,3.6,0,3
"2018-01-30",2018-01-30,6.8,-2.9,3.8,58
"2018-01-31",2018-01-31,5.9,-4.3,0,0
"2018-02-01",2018-02-01,6,1.5,1,0
"2018-02-02",2018-02-02,7.8,0.2,6.4,3
"2018-02-03",2018-02-03,5.8,-8.3,0,0
"2018-02-04",2018-02-04,4.8,0.2,7.4,0
"2018-02-05",2018-02-05,6,4.3,9.1,0
"2018-02-06",2018-02-06,3.7,-2.8,0,0
"2018-02-07",2018-02-07,3.3,-1.2,16.5,53
"2018-02-08",2018-02-08,6,-1.2,0,0
"2018-02-09",2018-02-09,5.1,-2.9,0,0
"2018-02-10",2018-02-10,3.8,3.8,4.1,0
"2018-02-11",2018-02-11,3.2,6.2,17.5,0
"2018-02-12",2018-02-12,4.7,5,0,0
"2018-02-13",2018-02-13,4.5,-1.3,0,0
"2018-02-14",2018-02-14,5,1.7,0,0
"2018-02-15",2018-02-15,3.8,5.6,0,0
"2018-02-16",2018-02-16,4.9,9.3,0.5,0
"2018-02-17",2018-02-17,5.2,0.6,4.3,48
"2018-02-18",2018-02-18,4.6,2,8.9,94
"2018-02-19",2018-02-19,5.6,3.3,1.5,0
"2018-02-20",2018-02-20,4.8,12.9,0.3,0
"2018-02-21",2018-02-21,6.4,13.2,0,0
"2018-02-22",2018-02-22,4.3,7.9,2,13
"2018-02-23",2018-02-23,4.1,1.7,3,0
"2018-02-24",2018-02-24,4.6,7.2,0,0
"2018-02-25",2018-02-25,6.4,4.3,13,0
"2018-02-26",2018-02-26,4.7,6.1,0,0
"2018-02-27",2018-02-27,4.2,6.5,0,0
"2018-02-28",2018-02-28,5.4,8.5,0.3,0
"2018-03-01",2018-03-01,4.4,8.6,0,0
"2018-03-02",2018-03-02,17,4.5,58.4,0
"2018-03-03",2018-03-03,11.4,4.2,0,0
"2018-03-04",2018-03-04,6.7,4,0,0
"2018-03-05",2018-03-05,7.9,2.7,1.3,15
"2018-03-06",2018-03-06,3.9,1.6,0,0
"2018-03-07",2018-03-07,10.2,2.4,14,64
"2018-03-08",2018-03-08,7,0.9,18,99
"2018-03-09",2018-03-09,5.7,0.9,0,0
"2018-03-10",2018-03-10,8,2.1,0,0
"2018-03-11",2018-03-11,5.5,2.7,0,0
"2018-03-12",2018-03-12,6.2,2.7,0,0
"2018-03-13",2018-03-13,11.2,0.7,29.2,368
"2018-03-14",2018-03-14,8.1,0.7,0.8,8
"2018-03-15",2018-03-15,7.9,2.4,0.3,3
"2018-03-16",2018-03-16,7.9,1.4,0,0
"2018-03-17",2018-03-17,8.2,-0.5,0,0
"2018-03-18",2018-03-18,6.3,-4.9,0,0
"2018-03-19",2018-03-19,6.4,-2.4,0,0
"2018-03-20",2018-03-20,3.9,-0.4,0,0
"2018-03-21",2018-03-21,8.8,1.1,0,0
"2018-03-22",2018-03-22,6,2.2,2.3,33
"2018-03-23",2018-03-23,4.3,3.2,0,0
"2018-03-24",2018-03-24,4,4.3,0.3,0
"2018-03-25",2018-03-25,6.4,2.1,1.8,3
"2018-03-26",2018-03-26,5.3,1.4,0,0
"2018-03-27",2018-03-27,3.8,1.9,0,0
"2018-03-28",2018-03-28,2.6,5.2,0.3,0
"2018-03-29",2018-03-29,2.4,6.1,0.3,0
"2018-03-30",2018-03-30,5.3,10.9,2,0
"2018-03-31",2018-03-31,6.4,8.2,0,0
"2018-04-01",2018-04-01,8,8.8,0,0
"2018-04-02",2018-04-02,2.6,2.8,2.8,18
"2018-04-03",2018-04-03,4.5,3.3,11.9,0
"2018-04-04",2018-04-04,5.8,6.9,5.1,0
"2018-04-05",2018-04-05,9.7,3.6,0,0
"2018-04-06",2018-04-06,4.9,1.3,5.3,15
"2018-04-07",2018-04-07,5.4,5,0.3,0
"2018-04-08",2018-04-08,6,2.6,0,0
"2018-04-09",2018-04-09,5.2,2.6,0,0
"2018-04-10",2018-04-10,1.6,3.5,0,0
"2018-04-11",2018-04-11,4.9,3,0,0
"2018-04-12",2018-04-12,5.2,6.2,1.5,0
"2018-04-13",2018-04-13,4.2,12.7,0,0
"2018-04-14",2018-04-14,5.9,8.2,0,0
"2018-04-15",2018-04-15,10,2.3,1,0
"2018-04-16",2018-04-16,8.8,4.2,39.9,0
"2018-04-17",2018-04-17,6.9,8.3,0,0
"2018-04-18",2018-04-18,6.5,6.4,0,0
"2018-04-19",2018-04-19,3.7,5.6,5.8,0
"2018-04-20",2018-04-20,7.2,6.4,0,0
"2018-04-21",2018-04-21,5.1,8.5,0,0
"2018-04-22",2018-04-22,4,10.3,0,0
"2018-04-23",2018-04-23,4.7,10.2,0,0
"2018-04-24",2018-04-24,5.5,12.1,0,0
"2018-04-25",2018-04-25,4.1,10.2,18.3,0
"2018-04-26",2018-04-26,5.2,14.1,5.3,0
"2018-04-27",2018-04-27,3.4,11.1,13.7,0
"2018-04-28",2018-04-28,3.5,11.8,0,0
"2018-04-29",2018-04-29,4.6,12.8,1.3,0
"2018-04-30",2018-04-30,3,7.3,5.1,0
"2018-05-01",2018-05-01,3.6,10.8,0,0
"2018-05-02",2018-05-02,6.1,21.9,0,0
"2018-05-03",2018-05-03,4.3,23.3,2.3,0
"2018-05-04",2018-05-04,5.4,20.8,0,0
"2018-05-05",2018-05-05,6.5,20.5,0,0
"2018-05-06",2018-05-06,3.3,16.9,4.8,0
"2018-05-07",2018-05-07,4,11.9,0,0
"2018-05-08",2018-05-08,3.6,10.1,0,0
"2018-05-09",2018-05-09,4,12.6,0,0
"2018-05-10",2018-05-10,4.4,11.3,0,0
"2018-05-11",2018-05-11,4.3,17.3,0,0
"2018-05-12",2018-05-12,3.4,10.8,5.3,0
"2018-05-13",2018-05-13,3.9,10.1,0,0
"2018-05-14",2018-05-14,3.9,13.2,0,0
"2018-05-15",2018-05-15,4.7,18.9,25.4,0
"2018-05-16",2018-05-16,4.2,13.4,0,0
"2018-05-17",2018-05-17,2.3,14.5,0,0
"2018-05-18",2018-05-18,6.4,14.2,0,0
"2018-05-19",2018-05-19,3.6,9.9,5.1,0
"2018-05-20",2018-05-20,5.2,18.6,2,0
"2018-05-21",2018-05-21,3.8,19.4,0,0
"2018-05-22",2018-05-22,3,16.5,0.8,0
"2018-05-23",2018-05-23,4.3,17.3,0.5,0
"2018-05-24",2018-05-24,5.3,16,0,0
"2018-05-25",2018-05-25,6.7,20.9,0,0
"2018-05-26",2018-05-26,5.2,25.4,0,0
"2018-05-27",2018-05-27,7.2,13.7,0.5,0
"2018-05-28",2018-05-28,3.5,11.2,1.5,0
"2018-05-29",2018-05-29,4.2,19.2,0,0
"2018-05-30",2018-05-30,3.8,18.1,0,0
"2018-05-31",2018-05-31,4.5,19.1,0,0
"2018-06-01",2018-06-01,3.6,21.3,0.3,0
"2018-06-02",2018-06-02,3.8,22.8,0.3,0
"2018-06-03",2018-06-03,5.9,14.6,0,0
"2018-06-04",2018-06-04,6.5,11,15.7,0
"2018-06-05",2018-06-05,3.3,11.9,8.6,0
"2018-06-06",2018-06-06,4.2,13.6,0,0
"2018-06-07",2018-06-07,5.1,15.9,0,0
"2018-06-08",2018-06-08,3,18.3,0,0
"2018-06-09",2018-06-09,3.5,22.2,0,0
"2018-06-10",2018-06-10,4.5,19.8,0,0
"2018-06-11",2018-06-11,4.7,16.4,0,0
"2018-06-12",2018-06-12,8,18.5,0,0
"2018-06-13",2018-06-13,7.1,19.7,0,0
"2018-06-14",2018-06-14,6.6,22.6,0,0
"2018-06-15",2018-06-15,3.6,15.2,0,0
"2018-06-16",2018-06-16,3.4,21.1,0,0
"2018-06-17",2018-06-17,3.4,20.7,0,0
"2018-06-18",2018-06-18,7.3,23.9,3.3,0
"2018-06-19",2018-06-19,5.7,25,0.3,0
"2018-06-20",2018-06-20,3.6,22.8,0,0
"2018-06-21",2018-06-21,3.4,22.8,0,0
"2018-06-22",2018-06-22,4.6,19,0,0
"2018-06-23",2018-06-23,4.2,17.2,0,0
"2018-06-24",2018-06-24,2.6,18.5,6.6,0
"2018-06-25",2018-06-25,4.1,20.1,8.4,0
"2018-06-26",2018-06-26,5.5,19.3,0,0
"2018-06-27",2018-06-27,5.7,21.6,2.3,0
"2018-06-28",2018-06-28,3.7,21.4,29.5,0
"2018-06-29",2018-06-29,3.5,25.6,0,0
"2018-06-30",2018-06-30,3.4,27.5,0,0
"2018-07-01",2018-07-01,3.6,28,0,0
"2018-07-02",2018-07-02,3.8,22.8,0,0
"2018-07-03",2018-07-03,4.2,29.1,0.3,0
"2018-07-04",2018-07-04,2.8,28.9,0,0
"2018-07-05",2018-07-05,5.2,28.7,0,0
"2018-07-06",2018-07-06,7.4,27.2,8.9,0
"2018-07-07",2018-07-07,4.4,20.9,0,0
"2018-07-08",2018-07-08,4.1,21.5,0,0
"2018-07-09",2018-07-09,5.1,25,0,0
"2018-07-10",2018-07-10,4.3,27.3,0,0
"2018-07-11",2018-07-11,4.9,23.5,4.8,0
"2018-07-12",2018-07-12,4.2,21.1,0,0
"2018-07-13",2018-07-13,5.2,21.3,0,0
"2018-07-14",2018-07-14,3.9,20.4,7.9,0
"2018-07-15",2018-07-15,2.9,22.1,0.3,0
"2018-07-16",2018-07-16,3,21.3,0,0
"2018-07-17",2018-07-17,5.1,24.9,68.1,0
"2018-07-18",2018-07-18,4.6,24.3,1.5,0
"2018-07-19",2018-07-19,4.3,22.3,0,0
"2018-07-20",2018-07-20,4.3,22.3,0,0
"2018-07-21",2018-07-21,3.9,20.7,0,0
"2018-07-22",2018-07-22,4.8,21.5,4.3,0
"2018-07-23",2018-07-23,5.6,25.8,0.8,0
"2018-07-24",2018-07-24,4.7,26.7,0,0
"2018-07-25",2018-07-25,5.8,26.3,3.6,0
"2018-07-26",2018-07-26,5.4,25.3,15.2,0
"2018-07-27",2018-07-27,3.8,26,0,0
"2018-07-28",2018-07-28,4.2,26.3,0,0
"2018-07-29",2018-07-29,3.9,26,0,0
"2018-07-30",2018-07-30,3.8,24.6,0,0
"2018-07-31",2018-07-31,3.6,23.9,0,0
"2018-08-01",2018-08-01,4.4,23.7,0,0
"2018-08-02",2018-08-02,5.9,28.9,0,0
"2018-08-03",2018-08-03,4.7,28.1,1.5,0
"2018-08-04",2018-08-04,4.1,25.5,16.3,0
"2018-08-05",2018-08-05,2.8,25.4,0,0
"2018-08-06",2018-08-06,3.6,28.9,0,0
"2018-08-07",2018-08-07,5.2,30.2,0,0
"2018-08-08",2018-08-08,3.1,26.6,24.9,0
"2018-08-09",2018-08-09,4.1,26.6,1.5,0
"2018-08-10",2018-08-10,3.2,26.3,0,0
"2018-08-11",2018-08-11,3.2,21.8,9.9,0
"2018-08-12",2018-08-12,3.8,21.2,35.1,0
"2018-08-13",2018-08-13,4.3,20.9,7.4,0
"2018-08-14",2018-08-14,2.7,22.5,0.3,0
"2018-08-15",2018-08-15,2.9,24.8,0,0
"2018-08-16",2018-08-16,4.1,28.9,0,0
"2018-08-17",2018-08-17,3.6,24.1,5.1,0
"2018-08-18",2018-08-18,5.2,25.7,3.3,0
"2018-08-19",2018-08-19,6.8,21,0.3,0
"2018-08-20",2018-08-20,5,21,0,0
"2018-08-21",2018-08-21,3.9,20.1,0,0
"2018-08-22",2018-08-22,4,22.1,12.7,0
"2018-08-23",2018-08-23,4.7,22.7,0,0
"2018-08-24",2018-08-24,3.5,22.8,0,0
"2018-08-25",2018-08-25,4,23.3,0,0
"2018-08-26",2018-08-26,4.4,22.6,0,0
"2018-08-27",2018-08-27,4.1,26.8,0,0
"2018-08-28",2018-08-28,4.9,29.5,0,0
"2018-08-29",2018-08-29,5.1,31.8,0,0
"2018-08-30",2018-08-30,5,28.3,0,0
"2018-08-31",2018-08-31,4.9,21.4,0,0
"2018-09-01",2018-09-01,3.3,20.1,0,0
"2018-09-02",2018-09-02,4,22.2,0,0
"2018-09-03",2018-09-03,4.7,27.5,0,0
"2018-09-04",2018-09-04,4.3,28.2,0,0
"2018-09-05",2018-09-05,4.4,25.9,0,0
"2018-09-06",2018-09-06,4.5,27.4,0.8,0
"2018-09-07",2018-09-07,3.8,21.9,0,0
"2018-09-08",2018-09-08,4.3,19.6,0,0
"2018-09-09",2018-09-09,6.1,16.3,0,0
"2018-09-10",2018-09-10,8,17.7,19.3,0
"2018-09-11",2018-09-11,2.7,19.7,13.5,0
"2018-09-12",2018-09-12,3.4,20.3,6.6,0
"2018-09-13",2018-09-13,2.2,19.8,11.2,0
"2018-09-14",2018-09-14,2.4,20.4,0,0
"2018-09-15",2018-09-15,2.3,19.4,0,0
"2018-09-16",2018-09-16,3.1,21.7,0,0
"2018-09-17",2018-09-17,4.7,23.6,0,0
"2018-09-18",2018-09-18,2.6,22.7,29.2,0
"2018-09-19",2018-09-19,5.2,18.9,0,0
"2018-09-20",2018-09-20,5,17.1,0,0
"2018-09-21",2018-09-21,5.5,18.4,0,0
"2018-09-22",2018-09-22,5.7,20.8,0.8,0
"2018-09-23",2018-09-23,2.6,15.2,0,0
"2018-09-24",2018-09-24,6.9,14.2,0,0
"2018-09-25",2018-09-25,6.7,15.7,31.5,0
"2018-09-26",2018-09-26,5.7,23.6,7.1,0
"2018-09-27",2018-09-27,4.8,19.9,1.3,0
"2018-09-28",2018-09-28,4,15.7,8.9,0
"2018-09-29",2018-09-29,3.4,17.2,0,0
"2018-09-30",2018-09-30,3.2,16.9,0,0
"2018-10-01",2018-10-01,4,16.4,1.5,0
"2018-10-02",2018-10-02,3.5,14.7,7.4,0
"2018-10-03",2018-10-03,2.4,15.1,5.3,0
"2018-10-04",2018-10-04,4.9,18.1,0,0
"2018-10-05",2018-10-05,4.8,16.6,0,0
"2018-10-06",2018-10-06,3.4,13.5,0,0
"2018-10-07",2018-10-07,4.7,19.2,2.5,0
"2018-10-08",2018-10-08,4.2,14.6,0,0
"2018-10-09",2018-10-09,5.5,19.4,0,0
"2018-10-10",2018-10-10,5.5,24,0,0
"2018-10-11",2018-10-11,3.5,18.6,15.2,0
"2018-10-12",2018-10-12,5,14.9,2.3,0
"2018-10-13",2018-10-13,4.2,10.9,3.3,0
"2018-10-14",2018-10-14,4.5,10.7,0,0
"2018-10-15",2018-10-15,5.5,12.5,1.8,0
"2018-10-16",2018-10-16,6.3,14.1,0.8,0
"2018-10-17",2018-10-17,6.3,11.2,0,0
"2018-10-18",2018-10-18,6.9,7.2,0,0
"2018-10-19",2018-10-19,6.2,8.7,0,0
"2018-10-20",2018-10-20,5.9,15.1,0,0
"2018-10-21",2018-10-21,6.6,9.6,0.8,0
"2018-10-22",2018-10-22,4,5.9,0,0
"2018-10-23",2018-10-23,3.8,9.4,10.4,0
"2018-10-24",2018-10-24,5,8,1,0
"2018-10-25",2018-10-25,6,6.7,0,0
"2018-10-26",2018-10-26,3.7,4.7,0,0
"2018-10-27",2018-10-27,11,8.6,29.7,0
"2018-10-28",2018-10-28,3.9,9.2,0.8,0
"2018-10-29",2018-10-29,4.3,11.1,13.2,0
"2018-10-30",2018-10-30,5.6,8.3,0,0
"2018-10-31",2018-10-31,4.2,7.2,0,0
"2018-11-01",2018-11-01,3,14.4,0.3,0
"2018-11-02",2018-11-02,5.7,16.2,9.1,0
"2018-11-03",2018-11-03,8.1,15.3,35.3,0
"2018-11-04",2018-11-04,4.4,9.2,0,0
"2018-11-05",2018-11-05,6.1,9.2,9.1,0
"2018-11-06",2018-11-06,4,10.3,19.8,0
"2018-11-07",2018-11-07,5.7,14.8,0,0
"2018-11-08",2018-11-08,4.8,10.9,0,0
"2018-11-09",2018-11-09,6.6,7.9,27.9,0
"2018-11-10",2018-11-10,7.6,8.7,11.4,0
"2018-11-11",2018-11-11,5.9,4.3,0,0
"2018-11-12",2018-11-12,3.1,4.8,0,0
"2018-11-13",2018-11-13,6.2,9,27.9,0
"2018-11-14",2018-11-14,7.6,3.1,0,0
"2018-11-15",2018-11-15,4.4,-2.5,11.7,3
"2018-11-16",2018-11-16,9.3,3.6,14.5,0
"2018-11-17",2018-11-17,5.7,5.6,0,0
"2018-11-18",2018-11-18,3,4.8,0,0
"2018-11-19",2018-11-19,2.5,3.7,4.3,0
"2018-11-20",2018-11-20,4.5,3.9,10.2,0
"2018-11-21",2018-11-21,7.1,2.7,0,0
"2018-11-22",2018-11-22,8.3,-6,0,0
"2018-11-23",2018-11-23,5.5,-5.9,0,0
"2018-11-24",2018-11-24,4.7,1.8,0,0
"2018-11-25",2018-11-25,4,7.2,19.8,0
"2018-11-26",2018-11-26,6,7,22.1,0
"2018-11-27",2018-11-27,7.6,7.1,11.7,0
"2018-11-28",2018-11-28,6.8,4.5,0,0
"2018-11-29",2018-11-29,7,5.4,0,0
"2018-11-30",2018-11-30,3,3.6,0,0
"2018-12-01",2018-12-01,3,3.7,0,0
"2018-12-02",2018-12-02,3.6,6.8,19.1,0
"2018-12-03",2018-12-03,4.7,10.2,0,0
"2018-12-04",2018-12-04,7,4.2,0,0
"2018-12-05",2018-12-05,3.1,-1.4,0,0
"2018-12-06",2018-12-06,4.9,1.8,0,0
"2018-12-07",2018-12-07,6,2.6,0,0
"2018-12-08",2018-12-08,4.7,-3.2,0,0
"2018-12-09",2018-12-09,4.2,-1.7,0,0
"2018-12-10",2018-12-10,4,0.6,0,0
"2018-12-11",2018-12-11,3,-1.3,0,0
"2018-12-12",2018-12-12,5.5,0.9,0,0
"2018-12-13",2018-12-13,2.7,-2.6,0,0
"2018-12-14",2018-12-14,2.6,2.5,0,0
"2018-12-15",2018-12-15,4.1,9.1,0,0
"2018-12-16",2018-12-16,8,6.4,13.7,0
"2018-12-17",2018-12-17,6.5,4.4,1,0
"2018-12-18",2018-12-18,9.3,0.3,0.5,3
"2018-12-19",2018-12-19,4.4,-0.8,0,0
"2018-12-20",2018-12-20,3.6,4.1,0,0
"2018-12-21",2018-12-21,6.6,10.9,15.5,0
"2018-12-22",2018-12-22,7.7,11,0.5,0
"2018-12-23",2018-12-23,5.4,3.1,0,0
"2018-12-24",2018-12-24,3.4,1.8,0,0
"2018-12-25",2018-12-25,4.8,2.1,0,0
"2018-12-26",2018-12-26,4.7,-0.1,0,0
"2018-12-27",2018-12-27,4.1,1.2,0,0
"2018-12-28",2018-12-28,5.1,4.9,8.4,0
"2018-12-29",2018-12-29,5.9,9.4,0,0
"2018-12-30",2018-12-30,2.8,0,0,0
"2018-12-31",2018-12-31,4.7,2.5,10.4,0
"2019-01-01",2019-01-01,7.1,8.4,9.7,0
"2019-01-02",2019-01-02,4.2,0.8,0,0
"2019-01-03",2019-01-03,4.7,3.1,0.5,0
"2019-01-04",2019-01-04,5,4.6,0,0
"2019-01-05",2019-01-05,4.1,5,13.5,0
"2019-01-06",2019-01-06,6.4,4.2,0,0
"2019-01-07",2019-01-07,5.2,-3.3,0,0
"2019-01-08",2019-01-08,3.4,1.2,0.5,0
"2019-01-09",2019-01-09,7,4.4,3.3,0
"2019-01-10",2019-01-10,7.2,2.1,0,0
"2019-01-11",2019-01-11,8.1,-2.9,0,0
"2019-01-12",2019-01-12,6.6,-6.4,0,0
"2019-01-13",2019-01-13,3.7,-5.7,0,0
"2019-01-14",2019-01-14,3.9,-3.1,0,0
"2019-01-15",2019-01-15,3.3,-1.2,0,0
"2019-01-16",2019-01-16,5.2,-0.1,0,0
"2019-01-17",2019-01-17,4.3,-2.7,0,0
"2019-01-18",2019-01-18,3,0.2,0,0
"2019-01-19",2019-01-19,5.4,0.4,3.3,13
"2019-01-20",2019-01-20,8,-1.3,30.5,28
"2019-01-21",2019-01-21,9,-12.6,0,0
"2019-01-22",2019-01-22,6.3,-9.8,0,0
"2019-01-23",2019-01-23,6.1,-1.4,0,0
"2019-01-24",2019-01-24,10.6,11.1,25.4,0
"2019-01-25",2019-01-25,6.1,3.9,0,0
"2019-01-26",2019-01-26,3.8,-0.9,0,0
"2019-01-27",2019-01-27,5.9,1.7,0,0
"2019-01-28",2019-01-28,4.5,1.1,0,0
"2019-01-29",2019-01-29,5.6,-2.4,1.3,0
"2019-01-30",2019-01-30,7.1,0.7,4.1,13
"2019-01-31",2019-01-31,7.7,-10.9,0,0
"2019-02-01",2019-02-01,5.9,-8.9,0,0
"2019-02-02",2019-02-02,5.7,-5.5,0,0
"2019-02-03",2019-02-03,2.8,1,0,0
"2019-02-04",2019-02-04,4.2,7.1,0,0
"2019-02-05",2019-02-05,5.4,10.7,0,0
"2019-02-06",2019-02-06,4.5,4.2,9.4,0
"2019-02-07",2019-02-07,4.3,3.3,5.3,0
"2019-02-08",2019-02-08,5.9,6.1,1.8,0
"2019-02-09",2019-02-09,8.8,-0.4,0,0
"2019-02-10",2019-02-10,5.5,-1.2,0,0
"2019-02-11",2019-02-11,4.7,-0.1,0,0
"2019-02-12",2019-02-12,6.3,-3.3,23.1,61
"2019-02-13",2019-02-13,6,3.3,7.1,3
"2019-02-14",2019-02-14,6.1,1.8,0,0
"2019-02-15",2019-02-15,5.1,4.4,2.5,0
"2019-02-16",2019-02-16,5.4,6.2,0,0
"2019-02-17",2019-02-17,4.3,-0.9,0,0
"2019-02-18",2019-02-18,4.6,-1,7.9,91
"2019-02-19",2019-02-19,6,-4.1,0,0
"2019-02-20",2019-02-20,3.6,-3.6,2.5,20
"2019-02-21",2019-02-21,4.6,1.3,10.7,33
"2019-02-22",2019-02-22,4,5.3,0,0
"2019-02-23",2019-02-23,2.9,1.8,0,0
"2019-02-24",2019-02-24,6.2,3.7,12.2,0
"2019-02-25",2019-02-25,10.3,4.1,0,0
"2019-02-26",2019-02-26,9,-1.9,0,0
"2019-02-27",2019-02-27,4.3,-6.7,1.3,30
"2019-02-28",2019-02-28,3.8,-4.5,3.8,56
"2019-03-01",2019-03-01,3,-1.4,0,0
"2019-03-02",2019-03-02,4.5,0.6,4.6,51
"2019-03-03",2019-03-03,3.8,1.8,2.3,18
"2019-03-04",2019-03-04,5.9,2.1,24.6,251
"2019-03-05",2019-03-05,4.7,-3.2,0,0
"2019-03-06",2019-03-06,7.2,-4.7,0,0
"2019-03-07",2019-03-07,6.2,-6,0,0
"2019-03-08",2019-03-08,4.9,-2.9,0,0
"2019-03-09",2019-03-09,3.1,0.9,0,0
"2019-03-10",2019-03-10,5.7,1.7,11.7,23
"2019-03-11",2019-03-11,6.5,5.9,0,0
"2019-03-12",2019-03-12,6.2,4.3,0,0
"2019-03-13",2019-03-13,3.5,2.1,0,0
"2019-03-14",2019-03-14,3.3,5.2,0,0
"2019-03-15",2019-03-15,5.8,10.9,5.1,0
"2019-03-16",2019-03-16,8.4,10.1,0,0
"2019-03-17",2019-03-17,6.3,3.2,0,0
"2019-03-18",2019-03-18,4.6,2.2,0,0
"2019-03-19",2019-03-19,3.5,3.9,0,0
"2019-03-20",2019-03-20,4.7,4.6,0,0
"2019-03-21",2019-03-21,4.8,5.9,0,0
"2019-03-22",2019-03-22,9.4,5.1,22.4,0
"2019-03-23",2019-03-23,9.7,5,1,0
"2019-03-24",2019-03-24,5.9,6.8,0,0
"2019-03-25",2019-03-25,4.6,8.1,0,0
"2019-03-26",2019-03-26,4.5,3,0,0
"2019-03-27",2019-03-27,4.8,2.4,0,0
"2019-03-28",2019-03-28,6.8,5.2,0.3,0
"2019-03-29",2019-03-29,5.1,9.6,0.8,0
"2019-03-30",2019-03-30,5.2,10.8,0,0
"2019-03-31",2019-03-31,7.6,14.4,2.3,0
"2019-04-01",2019-04-01,7.2,5.7,0,0
"2019-04-02",2019-04-02,4.7,5.5,1.3,0
"2019-04-03",2019-04-03,8.1,8.5,10.2,0
"2019-04-04",2019-04-04,7.9,8,0,0
"2019-04-05",2019-04-05,4.7,4.6,3.3,0
"2019-04-06",2019-04-06,3.3,8.6,2.3,0
"2019-04-07",2019-04-07,3.7,12.7,0,0
"2019-04-08",2019-04-08,5.2,8.6,7.9,0
"2019-04-09",2019-04-09,4.4,3.6,1.5,0
"2019-04-10",2019-04-10,6.1,5.4,0.3,0
"2019-04-11",2019-04-11,4.4,5.3,0,0
"2019-04-12",2019-04-12,3.8,8.6,2.8,0
"2019-04-13",2019-04-13,6.3,16.5,7.1,0
"2019-04-14",2019-04-14,3.4,15.2,1,0
"2019-04-15",2019-04-15,7.2,13.3,18.3,0
"2019-04-16",2019-04-16,8.2,10.1,0,0
"2019-04-17",2019-04-17,5.4,10.8,0,0
"2019-04-18",2019-04-18,4.9,9.1,0,0
"2019-04-19",2019-04-19,10.2,19.4,0.5,0
"2019-04-20",2019-04-20,8,19.8,4.3,0
"2019-04-21",2019-04-21,3.8,16.2,0.8,0
"2019-04-22",2019-04-22,5.2,12.6,58.4,0
"2019-04-23",2019-04-23,5.2,10.4,5.3,0
"2019-04-24",2019-04-24,4.3,12.7,1,0
"2019-04-25",2019-04-25,4.7,10.4,0,0
"2019-04-26",2019-04-26,6.7,9.2,18.8,0
"2019-04-27",2019-04-27,8,10.1,16.8,0
"2019-04-28",2019-04-28,4.7,9.4,0.3,0
"2019-04-29",2019-04-29,4.2,11,0,0
"2019-04-30",2019-04-30,3.4,9.6,3.6,0
"2019-05-01",2019-05-01,2.8,10.3,0,0
"2019-05-02",2019-05-02,4.3,8.9,1.5,0
"2019-05-03",2019-05-03,3,8.9,2.8,0
"2019-05-04",2019-05-04,2.6,11.2,3.6,0
"2019-05-05",2019-05-05,2.9,9.8,0.3,0
"2019-05-06",2019-05-06,4.9,11.3,0,0
"2019-05-07",2019-05-07,4.9,14.6,2,0
"2019-05-08",2019-05-08,4.1,14.4,0,0
"2019-05-09",2019-05-09,4.8,11.3,0,0
"2019-05-10",2019-05-10,5.2,12.9,0.3,0
"2019-05-11",2019-05-11,4.9,17.7,0,0
"2019-05-12",2019-05-12,2.9,10.3,9.9,0
"2019-05-13",2019-05-13,7.1,9.3,20.8,0
"2019-05-14",2019-05-14,5.2,7.4,3.8,0
"2019-05-15",2019-05-15,4.1,10.5,0.3,0
"2019-05-16",2019-05-16,2.9,14.1,0,0
"2019-05-17",2019-05-17,2.4,12.9,6.1,0
"2019-05-18",2019-05-18,5.1,16.6,0,0
"2019-05-19",2019-05-19,6.5,15.7,5.6,0
"2019-05-20",2019-05-20,6.4,22.6,3.3,0
"2019-05-21",2019-05-21,8.3,19.5,0,0
"2019-05-22",2019-05-22,6.2,16,0,0
"2019-05-23",2019-05-23,6.7,15.9,3,0
"2019-05-24",2019-05-24,6.9,18.4,0,0
"2019-05-25",2019-05-25,5.5,16.2,0.8,0
"2019-05-26",2019-05-26,5.3,21.4,5.8,0
"2019-05-27",2019-05-27,4.3,20.6,0,0
"2019-05-28",2019-05-28,5.5,14.2,7.6,0
"2019-05-29",2019-05-29,4.1,11.3,0,0
"2019-05-30",2019-05-30,3.4,13.3,5.8,0
"2019-05-31",2019-05-31,4.1,17.1,1.8,0
"2019-06-01",2019-06-01,3.7,15.6,0,0
"2019-06-02",2019-06-02,3.7,13.4,1,0
"2019-06-03",2019-06-03,6.9,17.7,1,0
"2019-06-04",2019-06-04,4.3,17,0,0
"2019-06-05",2019-06-05,5.5,21.9,1.3,0
"2019-06-06",2019-06-06,4.4,20.9,0.3,0
"2019-06-07",2019-06-07,3.8,20.1,0,0
"2019-06-08",2019-06-08,4.5,20.1,0,0
"2019-06-09",2019-06-09,4.4,19.7,0,0
"2019-06-10",2019-06-10,4.6,19.1,3.6,0
"2019-06-11",2019-06-11,5.3,21.1,13.5,0
"2019-06-12",2019-06-12,5.2,20.2,0,0
"2019-06-13",2019-06-13,5.1,15.1,16,0
"2019-06-14",2019-06-14,6.4,17.3,0,0
"2019-06-15",2019-06-15,6.8,22,0,0
"2019-06-16",2019-06-16,3.4,20.7,2.8,0
"2019-06-17",2019-06-17,3.8,20.3,0,0
"2019-06-18",2019-06-18,2.5,19.4,2.5,0
"2019-06-19",2019-06-19,3.4,17.9,0,0
"2019-06-20",2019-06-20,3,18.9,9.4,0
"2019-06-21",2019-06-21,4.6,19.9,30.2,0
"2019-06-22",2019-06-22,5.5,22.3,0,0
"2019-06-23",2019-06-23,5.8,23.6,0,0
"2019-06-24",2019-06-24,4.6,23.7,0,0
"2019-06-25",2019-06-25,3.1,19.5,3.3,0
"2019-06-26",2019-06-26,3,20.8,0,0
"2019-06-27",2019-06-27,3,18.4,0,0
"2019-06-28",2019-06-28,3.1,21.5,0,0
"2019-06-29",2019-06-29,2.8,25.2,41.9,0
"2019-06-30",2019-06-30,4.7,22.7,4.1,0
"2019-07-01",2019-07-01,4,21.7,0,0
"2019-07-02",2019-07-02,4.2,26.3,0,0
"2019-07-03",2019-07-03,3.5,26.7,0,0
"2019-07-04",2019-07-04,2.6,26.3,0,0
"2019-07-05",2019-07-05,4.4,27.1,0,0
"2019-07-06",2019-07-06,5.1,27.8,34.8,0
"2019-07-07",2019-07-07,4.6,22.9,0,0
"2019-07-08",2019-07-08,3.5,21.8,0,0
"2019-07-09",2019-07-09,3.8,25.4,0,0
"2019-07-10",2019-07-10,3.4,26.8,0,0
"2019-07-11",2019-07-11,4.7,24.8,0.5,0
"2019-07-12",2019-07-12,2.6,23.2,20.6,0
"2019-07-13",2019-07-13,4.2,25.4,0,0
"2019-07-14",2019-07-14,4.7,28.3,0,0
"2019-07-15",2019-07-15,4.9,26.2,0,0
"2019-07-16",2019-07-16,4,26.5,0,0
"2019-07-17",2019-07-17,4.6,28.2,10.9,0
"2019-07-18",2019-07-18,4.4,22.8,1,0
"2019-07-19",2019-07-19,4.2,24.1,0,0
"2019-07-20",2019-07-20,4.4,31.4,0,0
"2019-07-21",2019-07-21,6.2,32.3,0,0
"2019-07-22",2019-07-22,5.1,27.2,21.6,0
"2019-07-23",2019-07-23,5,19.7,26.2,0
"2019-07-24",2019-07-24,2.3,21.4,0,0
"2019-07-25",2019-07-25,3.9,22.6,0,0
"2019-07-26",2019-07-26,3.5,23.8,0,0
"2019-07-27",2019-07-27,4.4,24.1,0,0
"2019-07-28",2019-07-28,4.5,26.2,0,0
"2019-07-29",2019-07-29,4.4,28.9,0.3,0
"2019-07-30",2019-07-30,3.9,29.2,0,0
"2019-07-31",2019-07-31,4.4,27.9,31.8,0
"2019-08-01",2019-08-01,3.5,26.4,0,0
"2019-08-02",2019-08-02,3.6,24.9,0,0
"2019-08-03",2019-08-03,4.8,25.1,0,0
"2019-08-04",2019-08-04,3.5,24.9,0,0
"2019-08-05",2019-08-05,3.6,22.5,0,0
"2019-08-06",2019-08-06,3,21.4,0,0
"2019-08-07",2019-08-07,4.8,24.3,48.3,0
"2019-08-08",2019-08-08,5.1,25.3,9.7,0
"2019-08-09",2019-08-09,5,25.8,0,0
"2019-08-10",2019-08-10,5.8,24.2,0,0
"2019-08-11",2019-08-11,4.9,22.2,0,0
"2019-08-12",2019-08-12,4.7,25.1,0,0
"2019-08-13",2019-08-13,5.5,25.6,0,0
"2019-08-14",2019-08-14,3.5,22.1,0,0
"2019-08-15",2019-08-15,3,19.1,0,0
"2019-08-16",2019-08-16,3.3,19.9,0,0
"2019-08-17",2019-08-17,4,20.8,0,0
"2019-08-18",2019-08-18,3.3,23,4.1,0
"2019-08-19",2019-08-19,5.1,27.6,0.3,0
"2019-08-20",2019-08-20,3.5,26.1,0,0
"2019-08-21",2019-08-21,4.7,24.7,2,0
"2019-08-22",2019-08-22,4.4,26.8,0,0
"2019-08-23",2019-08-23,4.3,25.5,0,0
"2019-08-24",2019-08-24,4.7,20.7,0,0
"2019-08-25",2019-08-25,5.5,18.8,0,0
"2019-08-26",2019-08-26,4.2,18,0,0
"2019-08-27",2019-08-27,3.2,19.1,0,0
"2019-08-28",2019-08-28,3.5,20.3,16.5,0
"2019-08-29",2019-08-29,4.3,23.6,7.6,0
"2019-08-30",2019-08-30,5.4,25,0,0
"2019-08-31",2019-08-31,4.1,24.8,0,0
"2019-09-01",2019-09-01,3.8,20.3,0,0
"2019-09-02",2019-09-02,3.5,20.2,28.2,0
"2019-09-03",2019-09-03,3.7,21.7,0,0
"2019-09-04",2019-09-04,5.4,22.7,8.4,0
"2019-09-05",2019-09-05,4.1,20,0,0
"2019-09-06",2019-09-06,5.4,17.8,0,0
"2019-09-07",2019-09-07,6.4,18.1,0.8,0
"2019-09-08",2019-09-08,4.3,20.6,0,0
"2019-09-09",2019-09-09,3.5,18.8,0,0
"2019-09-10",2019-09-10,3.4,19.3,0,0
"2019-09-11",2019-09-11,6.1,24.1,0,0
"2019-09-12",2019-09-12,4.6,20.6,1.8,0
"2019-09-13",2019-09-13,5,16.3,0,0
"2019-09-14",2019-09-14,4.9,16.7,5.3,0
"2019-09-15",2019-09-15,4.3,22.8,0,0
"2019-09-16",2019-09-16,4.4,21.1,0,0
"2019-09-17",2019-09-17,4.8,17.8,0,0
"2019-09-18",2019-09-18,5.4,16.1,0,0
"2019-09-19",2019-09-19,3.4,14.3,0,0
"2019-09-20",2019-09-20,2.8,17.8,0,0
"2019-09-21",2019-09-21,3.1,22.7,0,0
"2019-09-22",2019-09-22,4.8,23.6,0,0
"2019-09-23",2019-09-23,6.8,25.7,3.3,0
"2019-09-24",2019-09-24,5.3,23.2,0.3,0
"2019-09-25",2019-09-25,4.2,18.6,0,0
"2019-09-26",2019-09-26,4.7,20,6.9,0
"2019-09-27",2019-09-27,4,18.3,0,0
"2019-09-28",2019-09-28,5.5,20.2,0,0
"2019-09-29",2019-09-29,4.1,21.2,0,0
"2019-09-30",2019-09-30,4.6,14.8,0,0
"2019-10-01",2019-10-01,5.2,16.8,1.3,0
"2019-10-02",2019-10-02,5.2,21.5,5.6,0
"2019-10-03",2019-10-03,5.1,12.4,0.5,0
"2019-10-04",2019-10-04,5.9,13.3,2.3,0
"2019-10-05",2019-10-05,4.2,10.1,0,0
"2019-10-06",2019-10-06,5.4,13.3,0,0
"2019-10-07",2019-10-07,7.2,22.8,4.1,0
"2019-10-08",2019-10-08,3.8,16.9,0.3,0
"2019-10-09",2019-10-09,8,14.3,1.8,0
"2019-10-10",2019-10-10,9.5,13.3,0.5,0
"2019-10-11",2019-10-11,10.6,13.2,8.4,0
"2019-10-12",2019-10-12,5,13.1,0.3,0
"2019-10-13",2019-10-13,2.8,14.9,0,0
"2019-10-14",2019-10-14,3.3,14.5,0,0
"2019-10-15",2019-10-15,3.7,14.4,0,0
"2019-10-16",2019-10-16,7.3,12.2,13.5,0
"2019-10-17",2019-10-17,11,13.9,17,0
"2019-10-18",2019-10-18,6.5,12.6,0,0
"2019-10-19",2019-10-19,3.4,11.2,0,0
"2019-10-20",2019-10-20,2.1,11.5,0,0
"2019-10-21",2019-10-21,4,14.2,0,0
"2019-10-22",2019-10-22,4.8,12.7,4.1,0
"2019-10-23",2019-10-23,4.5,16.2,10.7,0
"2019-10-24",2019-10-24,5.3,15.1,0,0
"2019-10-25",2019-10-25,2.6,14.3,0.3,0
"2019-10-26",2019-10-26,3.4,13.1,0,0
"2019-10-27",2019-10-27,7,11.4,36.3,0
"2019-10-28",2019-10-28,3.8,11.8,1.5,0
"2019-10-29",2019-10-29,2,12.4,0.8,0
"2019-10-30",2019-10-30,1.5,14.9,2.3,0
"2019-10-31",2019-10-31,8.1,18.2,1.8,0
"2019-11-01",2019-11-01,9.2,16.8,0.3,0
"2019-11-02",2019-11-02,3.1,7.4,0,0
"2019-11-03",2019-11-03,4.5,9.3,0,0
"2019-11-04",2019-11-04,3.9,9.1,0,0
"2019-11-05",2019-11-05,3.5,11.3,10.2,0
"2019-11-06",2019-11-06,4.7,11.1,0,0
"2019-11-07",2019-11-07,5.1,9.9,5.8,0
"2019-11-08",2019-11-08,7.5,3.7,0,0
"2019-11-09",2019-11-09,4.3,0.8,0,0
"2019-11-10",2019-11-10,5,4.9,0,0
"2019-11-11",2019-11-11,3.8,8.8,0,0
"2019-11-12",2019-11-12,5.9,5.1,2,0
"2019-11-13",2019-11-13,7.2,-2.6,0,0
"2019-11-14",2019-11-14,3.1,-0.9,0,0
"2019-11-15",2019-11-15,5.8,6.4,0,0
"2019-11-16",2019-11-16,6,2.6,0,0
"2019-11-17",2019-11-17,6,0.1,0,0
"2019-11-18",2019-11-18,6.3,4.2,6.1,0
"2019-11-19",2019-11-19,2.2,5.6,6.1,0
"2019-11-20",2019-11-20,4.7,5.1,5.8,0
"2019-11-21",2019-11-21,3.8,5.6,0,0
"2019-11-22",2019-11-22,7,8.7,2.3,0
"2019-11-23",2019-11-23,4.4,4.9,0,0
"2019-11-24",2019-11-24,7.3,6.1,38.4,0
"2019-11-25",2019-11-25,4.9,7.8,0,0
"2019-11-26",2019-11-26,4.1,9.8,0,0
"2019-11-27",2019-11-27,2.8,8.9,5.1,0
"2019-11-28",2019-11-28,8.7,8.4,3.6,0
"2019-11-29",2019-11-29,7.9,2.9,0,0
"2019-11-30",2019-11-30,7.2,0.5,0,0
"2019-12-01",2019-12-01,4.9,-1.9,15.7,30
"2019-12-02",2019-12-02,10.8,3.8,10.9,28
"2019-12-03",2019-12-03,7,-0.2,9.7,122
"2019-12-04",2019-12-04,4.3,1.2,0,0
"2019-12-05",2019-12-05,6,4.3,0,0
"2019-12-06",2019-12-06,4.1,0.9,1,5
"2019-12-07",2019-12-07,5.3,0.2,0,0
"2019-12-08",2019-12-08,4.3,-1.4,0,0
"2019-12-09",2019-12-09,6.2,7.5,14,0
"2019-12-10",2019-12-10,7,15,4.8,0
"2019-12-11",2019-12-11,4.9,3.4,5.3,71
"2019-12-12",2019-12-12,4.5,-0.9,0,0
"2019-12-13",2019-12-13,3.1,1.6,2.5,0
"2019-12-14",2019-12-14,5.6,10.5,31.8,0
"2019-12-15",2019-12-15,10.2,9.7,0,0
"2019-12-16",2019-12-16,5.1,1.2,0,0
"2019-12-17",2019-12-17,4.3,-0.3,16.5,33
"2019-12-18",2019-12-18,6.4,1.1,0,3
"2019-12-19",2019-12-19,8.8,-5.3,0,0
"2019-12-20",2019-12-20,5.9,-4.9,0,0
"2019-12-21",2019-12-21,2.3,-2.5,0,0
"2019-12-22",2019-12-22,4.4,2.3,0,0
"2019-12-23",2019-12-23,5.1,6.4,0,0
"2019-12-24",2019-12-24,4.3,7.5,0,0
"2019-12-25",2019-12-25,2.1,2.6,0,0
"2019-12-26",2019-12-26,3.1,2.6,0,0
"2019-12-27",2019-12-27,5.1,4.9,0.3,0
"2019-12-28",2019-12-28,4.9,9.1,0,0
"2019-12-29",2019-12-29,3.2,4.2,2,0
"2019-12-30",2019-12-30,9.3,3.6,32.8,0
"2019-12-31",2019-12-31,6,4.6,6.9,0
"2020-01-01",2020-01-01,6.9,4.1,0,0
"2020-01-02",2020-01-02,5.6,4.2,0,0
"2020-01-03",2020-01-03,3.2,8.2,0,0
"2020-01-04",2020-01-04,2.4,8.1,3.3,0
"2020-01-05",2020-01-05,7.4,3.9,2.8,0
"2020-01-06",2020-01-06,3,0.4,0,0
"2020-01-07",2020-01-07,4.1,3.2,0,0
"2020-01-08",2020-01-08,6.3,3.4,0.5,3
"2020-01-09",2020-01-09,5.9,-1.6,0,0
"2020-01-10",2020-01-10,6.2,3.2,0,0
"2020-01-11",2020-01-11,8.1,13.9,0,0
"2020-01-12",2020-01-12,9.3,18.7,0.5,0
"2020-01-13",2020-01-13,4.1,5.1,0.3,0
"2020-01-14",2020-01-14,2.5,3.9,0,0
"2020-01-15",2020-01-15,3.8,6.9,0,0
"2020-01-16",2020-01-16,6.8,5.5,2.5,0
"2020-01-17",2020-01-17,9,-4.1,0,0
"2020-01-18",2020-01-18,3.9,-7.7,7.1,76
"2020-01-19",2020-01-19,6,0.7,0.5,0
"2020-01-20",2020-01-20,6.2,-3.4,0,0
"2020-01-21",2020-01-21,3.4,-4.9,0,0
"2020-01-22",2020-01-22,2.2,-1.9,0,0
"2020-01-23",2020-01-23,3.3,2.2,0,0
"2020-01-24",2020-01-24,3.1,4.9,0,0
"2020-01-25",2020-01-25,6.3,5.7,17.8,0
"2020-01-26",2020-01-26,5.6,8.4,0,0
"2020-01-27",2020-01-27,5.5,5.7,0,0
"2020-01-28",2020-01-28,5.8,5,0,0
"2020-01-29",2020-01-29,4.7,2.6,0,0
"2020-01-30",2020-01-30,3.4,-1.7,0,0
"2020-01-31",2020-01-31,4,1.7,0,0
"2020-02-01",2020-02-01,2,3.5,0.5,0
"2020-02-02",2020-02-02,3.1,4,0,0
"2020-02-03",2020-02-03,4.3,5.2,0,0
"2020-02-04",2020-02-04,1.4,5.6,0,0
"2020-02-05",2020-02-05,2.8,5.2,1.3,0
"2020-02-06",2020-02-06,5.5,2.9,11.2,8
"2020-02-07",2020-02-07,6.7,4.2,8.1,0
"2020-02-08",2020-02-08,7.4,-0.3,0,0
"2020-02-09",2020-02-09,3.3,-2.8,0,0
"2020-02-10",2020-02-10,6,5.6,4.1,0
"2020-02-11",2020-02-11,2.8,6.2,4.3,0
"2020-02-12",2020-02-12,5.1,5.1,0,0
"2020-02-13",2020-02-13,3,3.9,13.5,5
"2020-02-14",2020-02-14,6.4,0.3,0,0
"2020-02-15",2020-02-15,4.6,-7.1,0,0
"2020-02-16",2020-02-16,5,1.7,0,0
"2020-02-17",2020-02-17,3.9,5.6,0,0
"2020-02-18",2020-02-18,4.8,3,11.4,0
"2020-02-19",2020-02-19,6.7,5.9,0,0
"2020-02-20",2020-02-20,5.3,-0.1,0,0
"2020-02-21",2020-02-21,4.5,-3.6,0,0
"2020-02-22",2020-02-22,5.2,2.4,0,0
"2020-02-23",2020-02-23,4,6.8,0,0
"2020-02-24",2020-02-24,4,8.8,0,0
"2020-02-25",2020-02-25,2.4,8.6,6.6,0
"2020-02-26",2020-02-26,4.2,7.6,3.8,0
"2020-02-27",2020-02-27,10.1,7.2,19,0
"2020-02-28",2020-02-28,6.9,1.3,0,0
"2020-02-29",2020-02-29,5.5,-0.8,0,0
"2020-03-01",2020-03-01,5.5,-3.9,0,0
"2020-03-02",2020-03-02,5.2,1.7,0,0
"2020-03-03",2020-03-03,5,10.2,0.8,0
"2020-03-04",2020-03-04,8.8,8.5,0.8,0
"2020-03-05",2020-03-05,4.8,6.4,0,0
"2020-03-06",2020-03-06,6.2,3.9,0,0
"2020-03-07",2020-03-07,9,2.3,0,0
"2020-03-08",2020-03-08,4.7,4.4,0,0
"2020-03-09",2020-03-09,6,12.6,0,0
"2020-03-10",2020-03-10,5.1,11.1,0,0
"2020-03-11",2020-03-11,4.1,10.2,0,0
"2020-03-12",2020-03-12,4.3,4.3,0,0
"2020-03-13",2020-03-13,7.3,7.9,7.4,0
"2020-03-14",2020-03-14,7.1,7.6,0,0
"2020-03-15",2020-03-15,4.7,4.7,0,0
"2020-03-16",2020-03-16,5.4,0.1,0,0
"2020-03-17",2020-03-17,4,2.2,0.8,0
"2020-03-18",2020-03-18,4.2,6,0,0
"2020-03-19",2020-03-19,5.9,5,14.2,0
"2020-03-20",2020-03-20,7,8.7,0.5,0
"2020-03-21",2020-03-21,6.3,9.2,0,0
"2020-03-22",2020-03-22,5.1,-0.5,0,0
"2020-03-23",2020-03-23,6.8,0.3,35.1,0
"2020-03-24",2020-03-24,5.4,4.7,8.9,0
"2020-03-25",2020-03-25,6.2,4.6,0,0
"2020-03-26",2020-03-26,5.1,4.1,0,0
"2020-03-27",2020-03-27,5.7,10.3,0.3,0
"2020-03-28",2020-03-28,2.9,7.5,2,0
"2020-03-29",2020-03-29,7.2,5.6,18.8,0
"2020-03-30",2020-03-30,6.9,4.3,2,0
"2020-03-31",2020-03-31,5.5,2.5,0,0
"2020-04-01",2020-04-01,5.4,2.4,0,0
"2020-04-02",2020-04-02,7.9,5.4,3.3,0
"2020-04-03",2020-04-03,11.4,5.9,21.1,0
"2020-04-04",2020-04-04,5.9,5.2,1,0
"2020-04-05",2020-04-05,3.7,6.2,0,0
"2020-04-06",2020-04-06,4.6,10.2,0,0
"2020-04-07",2020-04-07,3.9,11.3,0,0
"2020-04-08",2020-04-08,3.2,7.8,1.8,0
"2020-04-09",2020-04-09,6.3,6.8,16.3,0
"2020-04-10",2020-04-10,8.1,5.9,0.3,0
"2020-04-11",2020-04-11,6.8,6.4,0,0
"2020-04-12",2020-04-12,4.8,8.5,0,0
"2020-04-13",2020-04-13,10,12.6,14.2,0
"2020-04-14",2020-04-14,4.6,11.8,0,0
"2020-04-15",2020-04-15,4.3,8.4,0,0
"2020-04-16",2020-04-16,5.5,5.3,0,0
"2020-04-17",2020-04-17,6.4,4.9,0.3,0
"2020-04-18",2020-04-18,4.6,3.5,17,18
"2020-04-19",2020-04-19,6.7,7.9,0,0
"2020-04-20",2020-04-20,4.2,8.9,0,0
"2020-04-21",2020-04-21,7.4,6.2,8.4,0
"2020-04-22",2020-04-22,8.8,3.7,0,0
"2020-04-23",2020-04-23,5.6,5.8,0,0
"2020-04-24",2020-04-24,4.1,6.4,5.3,0
"2020-04-25",2020-04-25,3.4,7.4,0,0
"2020-04-26",2020-04-26,6.7,7.5,5.6,0
"2020-04-27",2020-04-27,10.2,4.9,15.2,0
"2020-04-28",2020-04-28,4.6,4.7,0.3,0
"2020-04-29",2020-04-29,4.4,6.9,0,0
"2020-04-30",2020-04-30,5.9,7.4,0,0
"2020-05-01",2020-05-01,4,10.9,20.1,0
"2020-05-02",2020-05-02,5.8,13.9,0.3,0
"2020-05-03",2020-05-03,4.5,18,0,0
"2020-05-04",2020-05-04,5.3,17.5,0,0
"2020-05-05",2020-05-05,5.8,10.5,0,0
"2020-05-06",2020-05-06,4.1,8.3,0.3,0
"2020-05-07",2020-05-07,4.2,10.5,0,0
"2020-05-08",2020-05-08,5.3,10.9,6.4,0
"2020-05-09",2020-05-09,8.8,4.9,3,0
"2020-05-10",2020-05-10,6.6,6.9,0,0
"2020-05-11",2020-05-11,5.3,11.1,5.8,0
"2020-05-12",2020-05-12,7,9.1,0,0
"2020-05-13",2020-05-13,5.7,9.1,0,0
"2020-05-14",2020-05-14,5,13.7,0,0
"2020-05-15",2020-05-15,4.9,15.7,17,0
"2020-05-16",2020-05-16,5.8,17.2,1,0
"2020-05-17",2020-05-17,3.8,12.5,0,0
"2020-05-18",2020-05-18,3.7,12.5,0,0
"2020-05-19",2020-05-19,5.5,10.3,0,0
"2020-05-20",2020-05-20,3.8,10.6,0,0
"2020-05-21",2020-05-21,5,14.3,0,0
"2020-05-22",2020-05-22,6.3,19.3,0,0
"2020-05-23",2020-05-23,6.9,16.9,0,0
"2020-05-24",2020-05-24,5.3,9.8,0,0
"2020-05-25",2020-05-25,2.9,10.2,0,0
"2020-05-26",2020-05-26,3,13.1,0,0
"2020-05-27",2020-05-27,5.2,21.1,0,0
"2020-05-28",2020-05-28,6.1,21.4,0,0
"2020-05-29",2020-05-29,7.3,22.7,0,0
"2020-05-30",2020-05-30,5.1,22.6,2.3,0
"2020-05-31",2020-05-31,6.6,18.4,0,0
"2020-06-01",2020-06-01,4.9,13.1,0,0
"2020-06-02",2020-06-02,3.8,13.4,0.5,0
"2020-06-03",2020-06-03,3.3,18.2,0.3,0
"2020-06-04",2020-06-04,3.8,23.2,0,0
"2020-06-05",2020-06-05,5.1,22.2,4.1,0
"2020-06-06",2020-06-06,4.7,23.8,3.6,0
"2020-06-07",2020-06-07,4.4,16.4,0,0
"2020-06-08",2020-06-08,3.7,18.7,0,0
"2020-06-09",2020-06-09,2.5,19.6,0,0
"2020-06-10",2020-06-10,4.3,16.8,0,0
"2020-06-11",2020-06-11,6.1,19.3,18.8,0
"2020-06-12",2020-06-12,4,22.6,0,0
"2020-06-13",2020-06-13,5,18.7,0,0
"2020-06-14",2020-06-14,4.7,15.5,0,0
"2020-06-15",2020-06-15,3.4,14.8,0,0
"2020-06-16",2020-06-16,2.9,16.7,0,0
"2020-06-17",2020-06-17,3.5,17.8,0,0
"2020-06-18",2020-06-18,4.4,22.2,0,0
"2020-06-19",2020-06-19,5.3,25.2,0,0
"2020-06-20",2020-06-20,4.3,26.3,0,0
"2020-06-21",2020-06-21,3.6,25.8,0,0
"2020-06-22",2020-06-22,3.5,19.7,0,0
"2020-06-23",2020-06-23,4.4,22.4,0,0
"2020-06-24",2020-06-24,4.4,24.3,0.3,0
"2020-06-25",2020-06-25,4.2,25.1,0,0
"2020-06-26",2020-06-26,4.3,24.3,0,0
"2020-06-27",2020-06-27,2.6,23.5,0.5,0
"2020-06-28",2020-06-28,3.1,20.9,30.2,0
"2020-06-29",2020-06-29,3,19.2,4.8,0
"2020-06-30",2020-06-30,3.1,17.9,4.6,0
"2020-07-01",2020-07-01,2.5,18.9,1.8,0
"2020-07-02",2020-07-02,3.1,21.8,0,0
"2020-07-03",2020-07-03,5.5,22.2,0,0
"2020-07-04",2020-07-04,3.6,18.1,0,0
"2020-07-05",2020-07-05,3.4,20.8,2.8,0
"2020-07-06",2020-07-06,4,19.8,0,0
"2020-07-07",2020-07-07,4.3,20.1,0,0
"2020-07-08",2020-07-08,5.5,23.4,0,0
"2020-07-09",2020-07-09,4.1,25.5,0,0
"2020-07-10",2020-07-10,4.9,23.2,0,0
"2020-07-11",2020-07-11,7,25.2,0.3,0
"2020-07-12",2020-07-12,6.4,26.5,0,0
"2020-07-13",2020-07-13,3.5,25.3,1.8,0
"2020-07-14",2020-07-14,4,21.8,15.7,0
"2020-07-15",2020-07-15,4,18.7,1.8,0
"2020-07-16",2020-07-16,4,18.1,0,0
"2020-07-17",2020-07-17,4.2,17.8,2.8,0
"2020-07-18",2020-07-18,3,24.9,0,0
"2020-07-19",2020-07-19,5.2,27.9,0,0
"2020-07-20",2020-07-20,5.8,27.9,0,0
"2020-07-21",2020-07-21,4.6,28.5,0,0
"2020-07-22",2020-07-22,3.6,23.9,8.1,0
"2020-07-23",2020-07-23,3.5,24.2,14.5,0
"2020-07-24",2020-07-24,3.4,23.4,0,0
"2020-07-25",2020-07-25,2.9,24.2,0,0
"2020-07-26",2020-07-26,5.6,27.3,0,0
"2020-07-27",2020-07-27,5.1,29.8,0,0
"2020-07-28",2020-07-28,5.2,30.3,0,0
"2020-07-29",2020-07-29,4.7,26.7,0,0
"2020-07-30",2020-07-30,3.4,25.8,0,0
"2020-07-31",2020-07-31,3.1,24.1,0,0
"2020-08-01",2020-08-01,3.6,23.7,0,0
"2020-08-02",2020-08-02,5.1,24.8,1.8,0
"2020-08-03",2020-08-03,5.7,28.3,0,0
"2020-08-04",2020-08-04,6.4,24.3,4.3,0
"2020-08-05",2020-08-05,5.5,26.3,0,0
"2020-08-06",2020-08-06,3,24.9,0,0
"2020-08-07",2020-08-07,2.8,21.7,0,0
"2020-08-08",2020-08-08,3.1,21.2,0,0
"2020-08-09",2020-08-09,4.3,24.6,0,0
"2020-08-10",2020-08-10,3.6,27.3,0,0
"2020-08-11",2020-08-11,4.9,28.2,0,0
"2020-08-12",2020-08-12,3.3,27.2,0,0
"2020-08-13",2020-08-13,3.3,25.9,0,0
"2020-08-14",2020-08-14,3.8,22.9,0,0
"2020-08-15",2020-08-15,6.3,20.2,0,0
"2020-08-16",2020-08-16,5.2,19.4,4.1,0
"2020-08-17",2020-08-17,5,18.7,2,0
"2020-08-18",2020-08-18,4.6,22.6,4.1,0
"2020-08-19",2020-08-19,3.6,21.6,1.5,0
"2020-08-20",2020-08-20,3.8,20.8,0,0
"2020-08-21",2020-08-21,5.1,23.8,0,0
"2020-08-22",2020-08-22,3.2,23.7,0,0
"2020-08-23",2020-08-23,3.6,22.7,33.8,0
"2020-08-24",2020-08-24,3.5,23.8,0,0
"2020-08-25",2020-08-25,5.6,25.9,0,0
"2020-08-26",2020-08-26,5.9,20.6,0,0
"2020-08-27",2020-08-27,2.7,17.9,4.6,0
"2020-08-28",2020-08-28,2.6,19.8,0,0
"2020-08-29",2020-08-29,4.3,21.2,1.8,0
"2020-08-30",2020-08-30,6.7,22,0,0
"2020-08-31",2020-08-31,3.8,18.5,0,0
"2020-09-01",2020-09-01,4.9,18.9,0,0
"2020-09-02",2020-09-02,3.3,18.2,5.1,0
"2020-09-03",2020-09-03,2.6,21.8,0.3,0
"2020-09-04",2020-09-04,4.6,23.4,0,0
"2020-09-05",2020-09-05,4.3,21.2,0,0
"2020-09-06",2020-09-06,2.9,20.3,0,0
"2020-09-07",2020-09-07,4.8,21.1,0,0
"2020-09-08",2020-09-08,4,20.3,0,0
"2020-09-09",2020-09-09,2.6,20.8,0,0
"2020-09-10",2020-09-10,3.2,23.1,6.4,0
"2020-09-11",2020-09-11,4.3,19.4,0,0
"2020-09-12",2020-09-12,4.3,15.6,0,0
"2020-09-13",2020-09-13,3.9,17.1,0,0
"2020-09-14",2020-09-14,6,21,0,0
"2020-09-15",2020-09-15,3.7,13.6,0,0
"2020-09-16",2020-09-16,6.3,15.9,0,0
"2020-09-17",2020-09-17,4.7,19.3,0,0
"2020-09-18",2020-09-18,6,16.4,0,0
"2020-09-19",2020-09-19,4.7,12,0,0
"2020-09-20",2020-09-20,4.9,11.3,0,0
"2020-09-21",2020-09-21,4.7,11.6,0,0
"2020-09-22",2020-09-22,6.1,12.3,0,0
"2020-09-23",2020-09-23,5.2,18.2,0,0
"2020-09-24",2020-09-24,3.6,20.7,0,0
"2020-09-25",2020-09-25,2.7,18.4,0,0
"2020-09-26",2020-09-26,3.4,17.3,0,0
"2020-09-27",2020-09-27,3.2,20.3,0,0
"2020-09-28",2020-09-28,4,21.2,1.3,0
"2020-09-29",2020-09-29,3.6,20.1,0,0
"2020-09-30",2020-09-30,8.2,21.6,11.7,0
"2020-10-01",2020-10-01,5.1,18.3,0,0
"2020-10-02",2020-10-02,3.3,16,0.5,0
"2020-10-03",2020-10-03,3.5,13.1,0,0
"2020-10-04",2020-10-04,3.6,13.2,0,0
"2020-10-05",2020-10-05,3.8,13.9,0,0
"2020-10-06",2020-10-06,4.3,14.6,0,0
"2020-10-07",2020-10-07,7.6,16.8,0.5,0
"2020-10-08",2020-10-08,6.9,13.8,0,0
"2020-10-09",2020-10-09,4.8,10.7,0,0
"2020-10-10",2020-10-10,8.7,17.3,0,0
"2020-10-11",2020-10-11,5.5,15.6,0,0
"2020-10-12",2020-10-12,7.2,11.3,0,0
"2020-10-13",2020-10-13,6.6,12.7,38.1,0
"2020-10-14",2020-10-14,3.9,14.2,0,0
"2020-10-15",2020-10-15,5.5,15,0,0
"2020-10-16",2020-10-16,4.2,16.1,19.6,0
"2020-10-17",2020-10-17,5.7,10.3,29.5,0
"2020-10-18",2020-10-18,3.1,9.7,0,0
"2020-10-19",2020-10-19,2.3,10.7,0,0
"2020-10-20",2020-10-20,2.6,13.3,0,0
"2020-10-21",2020-10-21,3.4,14.3,1.5,0
"2020-10-22",2020-10-22,3.2,16.8,0,0
"2020-10-23",2020-10-23,3.1,13.7,0,0
"2020-10-24",2020-10-24,5.1,15.5,0,0
"2020-10-25",2020-10-25,4.5,8.2,0,0
"2020-10-26",2020-10-26,4.3,10.1,0.3,0
"2020-10-27",2020-10-27,3.7,10.8,0,0
"2020-10-28",2020-10-28,2.7,8.3,6.9,0
"2020-10-29",2020-10-29,4.3,8.1,23.1,0
"2020-10-30",2020-10-30,6.5,2.6,6.6,109
"2020-10-31",2020-10-31,3,0.8,0,0
"2020-11-01",2020-11-01,2.9,5.6,15.7,0
"2020-11-02",2020-11-02,8.6,5.3,0,0
"2020-11-03",2020-11-03,6.5,3.2,0,0
"2020-11-04",2020-11-04,3.8,4.4,0,0
"2020-11-05",2020-11-05,6.8,13.7,0,0
"2020-11-06",2020-11-06,5.5,16.3,0,0
"2020-11-07",2020-11-07,3.4,16.3,0,0
"2020-11-08",2020-11-08,1.9,15.4,0,0
"2020-11-09",2020-11-09,1.1,10.8,0,0
"2020-11-10",2020-11-10,4.4,14.5,0,0
"2020-11-11",2020-11-11,6.4,17.8,0.3,0
"2020-11-12",2020-11-12,4.4,16.3,0,0
"2020-11-13",2020-11-13,5.4,8.7,5.6,0
"2020-11-14",2020-11-14,4.5,6.3,0,0
"2020-11-15",2020-11-15,5.5,4.8,8.6,0
"2020-11-16",2020-11-16,5.7,10.4,1.3,0
"2020-11-17",2020-11-17,5.1,6.3,0,0
"2020-11-18",2020-11-18,6.3,0.4,0,0
"2020-11-19",2020-11-19,5.7,-1.4,0,0
"2020-11-20",2020-11-20,7.6,10.7,0,0
"2020-11-21",2020-11-21,4.1,12.7,0,0
"2020-11-22",2020-11-22,6.1,5.7,0,0
"2020-11-23",2020-11-23,6.1,9.6,46,0
"2020-11-24",2020-11-24,5.1,3.7,0,0
"2020-11-25",2020-11-25,1.9,2.6,0.3,0
"2020-11-26",2020-11-26,2.6,9.2,7.4,0
"2020-11-27",2020-11-27,1.9,9.3,0,0
"2020-11-28",2020-11-28,3.6,9.6,0,0
"2020-11-29",2020-11-29,3.6,6.7,0,0
"2020-11-30",2020-11-30,7.5,7.8,21.6,0
"2020-12-01",2020-12-01,7,14.9,10.4,0
"2020-12-02",2020-12-02,6,5,0,0
"2020-12-03",2020-12-03,5.6,4.9,0,0
"2020-12-04",2020-12-04,5.9,8.4,0.5,0
"2020-12-05",2020-12-05,8.1,5.9,43.7,8
"2020-12-06",2020-12-06,7.7,1.2,0,0
"2020-12-07",2020-12-07,4.6,-0.9,0,0
"2020-12-08",2020-12-08,6,-1.6,0,0
"2020-12-09",2020-12-09,3.4,-1.6,0,0
"2020-12-10",2020-12-10,4.3,3.2,0,0
"2020-12-11",2020-12-11,3.7,3.9,0,0
"2020-12-12",2020-12-12,2.6,5.6,12.7,0
"2020-12-13",2020-12-13,3.1,8.5,0,0
"2020-12-14",2020-12-14,3.5,3.6,1.5,0
"2020-12-15",2020-12-15,6.2,0.7,0,0
"2020-12-16",2020-12-16,5.9,-5.3,1,10
"2020-12-17",2020-12-17,10.1,-3.2,33,312
"2020-12-18",2020-12-18,4.6,-3.7,0,0
"2020-12-19",2020-12-19,2.7,-4.9,0,0
"2020-12-20",2020-12-20,1.6,-1.6,0.8,0
"2020-12-21",2020-12-21,2.5,0.4,0,0
"2020-12-22",2020-12-22,5.2,3.2,0,0
"2020-12-23",2020-12-23,4.5,1.8,0,0
"2020-12-24",2020-12-24,5.8,3.9,0,0
"2020-12-25",2020-12-25,8.8,11.6,37.8,0
"2020-12-26",2020-12-26,7.6,2.1,0,0
"2020-12-27",2020-12-27,4,-0.7,0,0
"2020-12-28",2020-12-28,4.2,2.7,0,0
"2020-12-29",2020-12-29,6.9,2.7,0,0
"2020-12-30",2020-12-30,5.3,-2.1,0,0
"2020-12-31",2020-12-31,6.4,5.4,2.5,0
"2021-01-01",2021-01-01,2.8,1,2.5,0
"2021-01-02",2021-01-02,6.4,3.8,10.4,0
"2021-01-03",2021-01-03,4.2,0.4,0.8,5
"2021-01-04",2021-01-04,5.1,0.9,0,0
"2021-01-05",2021-01-05,4.8,-0.2,0.3,0
"2021-01-06",2021-01-06,6,0.5,0,0
"2021-01-07",2021-01-07,6.1,1.2,0,0
"2021-01-08",2021-01-08,4.8,-0.1,0,0
"2021-01-09",2021-01-09,5.1,-1.6,0,0
"2021-01-10",2021-01-10,4.2,0.6,0,0
"2021-01-11",2021-01-11,2.6,-0.3,0,0
"2021-01-12",2021-01-12,3.3,0.8,0,0
"2021-01-13",2021-01-13,3.1,1.8,0,0
"2021-01-14",2021-01-14,2.4,1.8,2.5,0
"2021-01-15",2021-01-15,3.7,2.2,0,0
"2021-01-16",2021-01-16,8.3,5.8,26.2,0
"2021-01-17",2021-01-17,8.3,3.8,0,0
"2021-01-18",2021-01-18,6.5,4.4,0,0
"2021-01-19",2021-01-19,4.8,0.6,0,0
"2021-01-20",2021-01-20,4.9,1.1,0,0
"2021-01-21",2021-01-21,3.5,-3.3,0,3
"2021-01-22",2021-01-22,4.3,1.7,0,0
"2021-01-23",2021-01-23,7.4,-0.8,0,0
"2021-01-24",2021-01-24,9.3,-5.6,0,0
"2021-01-25",2021-01-25,5.8,-3.5,0,0
"2021-01-26",2021-01-26,3.7,-2.1,5.6,91
"2021-01-27",2021-01-27,3.8,-0.9,1.8,25
"2021-01-28",2021-01-28,6,-0.6,1.3,23
"2021-01-29",2021-01-29,9.3,-9.6,0,0
"2021-01-30",2021-01-30,5.9,-10.4,0,0
"2021-01-31",2021-01-31,2.6,-9.9,0,0
"2021-02-01",2021-02-01,9.3,-2.8,17.5,30
"2021-02-02",2021-02-02,8.5,0.1,5.1,0
"2021-02-03",2021-02-03,4.7,-0.6,0,0
"2021-02-04",2021-02-04,4,0.3,0.3,3
"2021-02-05",2021-02-05,2.7,0.2,0.3,0
"2021-02-06",2021-02-06,5.6,2.1,0,0
"2021-02-07",2021-02-07,4.1,0.1,11.2,135
"2021-02-08",2021-02-08,4.8,-4.1,0,0
"2021-02-09",2021-02-09,2.7,-4.3,4.3,76
"2021-02-10",2021-02-10,4.2,-3.8,0,0
"2021-02-11",2021-02-11,3.9,-3.9,0,0
"2021-02-12",2021-02-12,4.7,-7.2,0,0
"2021-02-13",2021-02-13,4.2,-5.2,0,0
"2021-02-14",2021-02-14,2.5,-1.8,0,0
"2021-02-15",2021-02-15,4.1,-0.8,0.8,0
"2021-02-16",2021-02-16,5,0.8,16,0
"2021-02-17",2021-02-17,5.7,-1.8,0,0
"2021-02-18",2021-02-18,3.8,-2.9,2.3,23
"2021-02-19",2021-02-19,4.9,-2.3,10.9,122
"2021-02-20",2021-02-20,5,-2.6,0,0
"2021-02-21",2021-02-21,4.2,-3.4,0,0
"2021-02-22",2021-02-22,4.9,-1.6,4.1,0
"2021-02-23",2021-02-23,5.7,3.1,0,0
"2021-02-24",2021-02-24,6,5.4,0,0
"2021-02-25",2021-02-25,7.7,6.4,0,0
"2021-02-26",2021-02-26,4.1,0.8,0,0
"2021-02-27",2021-02-27,4.4,1.9,4.3,0
"2021-02-28",2021-02-28,3.1,4.2,0.5,0
"2021-03-01",2021-03-01,6.2,3.9,4.6,0
"2021-03-02",2021-03-02,10.1,-4.8,0,0
"2021-03-03",2021-03-03,5.4,0.3,0,0
"2021-03-04",2021-03-04,6.6,4.1,0,0
"2021-03-05",2021-03-05,8.1,-1.5,0,0
"2021-03-06",2021-03-06,5.6,-1.9,0,0
"2021-03-07",2021-03-07,4.4,-1.4,0,0
"2021-03-08",2021-03-08,4.2,0.1,0,0
"2021-03-09",2021-03-09,5.1,7,0,0
"2021-03-10",2021-03-10,3.8,5.9,0,0
"2021-03-11",2021-03-11,6,9.9,0,0
"2021-03-12",2021-03-12,6.4,14.9,0,0
"2021-03-13",2021-03-13,7.7,6.6,0,0
"2021-03-14",2021-03-14,7.7,4.8,0,3
"2021-03-15",2021-03-15,8.5,-4.6,0,0
"2021-03-16",2021-03-16,4.2,-3.3,0,0
"2021-03-17",2021-03-17,4.3,4.2,0,0
"2021-03-18",2021-03-18,4.8,6.2,16.8,0
"2021-03-19",2021-03-19,7.1,3.8,0,0
"2021-03-20",2021-03-20,3.3,6.3,0,0
"2021-03-21",2021-03-21,2.7,8.9,0,0
"2021-03-22",2021-03-22,3.7,8,0,0
"2021-03-23",2021-03-23,3,8.8,0,0
"2021-03-24",2021-03-24,2.5,8.7,0,0
"2021-03-25",2021-03-25,2.2,10.4,3.8,0
"2021-03-26",2021-03-26,7.7,14.8,0.3,0
"2021-03-27",2021-03-27,6.2,11.6,0,0
"2021-03-28",2021-03-28,5.8,7.6,17.5,0
"2021-03-29",2021-03-29,8.5,10.3,0,0
"2021-03-30",2021-03-30,5.1,8.2,0,0
"2021-03-31",2021-03-31,6.5,13.1,5.1,0
"2021-04-01",2021-04-01,6.7,10.3,23.4,0
"2021-04-02",2021-04-02,5.9,1.7,0,0
"2021-04-03",2021-04-03,3.6,3.1,0,0
"2021-04-04",2021-04-04,4.8,8.6,0,0
"2021-04-05",2021-04-05,7.4,11.2,0,0
"2021-04-06",2021-04-06,3.6,10.9,0,0
"2021-04-07",2021-04-07,3.1,10.9,0,0
"2021-04-08",2021-04-08,4.1,11.6,0,0
"2021-04-09",2021-04-09,4.1,10.3,0,0
"2021-04-10",2021-04-10,4.4,14.8,0,0
"2021-04-11",2021-04-11,6.1,11.4,0,0
"2021-04-12",2021-04-12,5.8,8.3,0,0
"2021-04-13",2021-04-13,4.6,9.6,0,0
"2021-04-14",2021-04-14,4.2,9.4,0,0
"2021-04-15",2021-04-15,5.8,8.9,5.6,0
"2021-04-16",2021-04-16,8.8,5.7,40.6,3
"2021-04-17",2021-04-17,4.9,5.7,2,0
"2021-04-18",2021-04-18,3.6,10.6,0,0
"2021-04-19",2021-04-19,3.4,12.3,0.3,0
"2021-04-20",2021-04-20,5.2,16.7,0,0
"2021-04-21",2021-04-21,6.7,15.2,6.1,0
"2021-04-22",2021-04-22,9,5.3,0,0
"2021-04-23",2021-04-23,7.6,8.6,0,0
"2021-04-24",2021-04-24,5.5,15.9,0,0
"2021-04-25",2021-04-25,3.4,13,2.8,0
"2021-04-26",2021-04-26,6.8,10.9,0,0
"2021-04-27",2021-04-27,4.8,11.7,0,0
"2021-04-28",2021-04-28,3.1,13.1,5.6,0
"2021-04-29",2021-04-29,2.8,9.6,22.6,0
"2021-04-30",2021-04-30,7.9,12.8,3.8,0
"2021-05-01",2021-05-01,6.4,11.8,0.5,0
"2021-05-02",2021-05-02,6,16.8,0.3,0
"2021-05-03",2021-05-03,4,15.8,0.5,0
"2021-05-04",2021-05-04,4.8,10.2,17,0
"2021-05-05",2021-05-05,3.5,9.6,13.5,0
"2021-05-06",2021-05-06,4.8,13.6,0,0
"2021-05-07",2021-05-07,4.6,12.3,0,0
"2021-05-08",2021-05-08,5.1,10.1,0,0
"2021-05-09",2021-05-09,5.5,14.6,0,0
"2021-05-10",2021-05-10,3.6,13,8.6,0
"2021-05-11",2021-05-11,6.6,14.9,0,0
"2021-05-12",2021-05-12,4.7,14.1,0,0
"2021-05-13",2021-05-13,3.3,15.8,0,0
"2021-05-14",2021-05-14,4.4,18.2,0,0
"2021-05-15",2021-05-15,4,19.6,0,0
"2021-05-16",2021-05-16,3.8,19.8,0.3,0
"2021-05-17",2021-05-17,3.1,17.8,0,0
"2021-05-18",2021-05-18,4.2,21.5,0,0
"2021-05-19",2021-05-19,4.6,21.2,0,0
"2021-05-20",2021-05-20,3.9,17.1,0,0
"2021-05-21",2021-05-21,4.8,19.2,0,0
"2021-05-22",2021-05-22,3.5,22.6,0,0
"2021-05-23",2021-05-23,5.5,25.9,0,0
"2021-05-24",2021-05-24,5.9,17.3,0,0
"2021-05-25",2021-05-25,7.1,17.7,0,0
"2021-05-26",2021-05-26,6.5,23.6,7.1,0
"2021-05-27",2021-05-27,5.4,23.9,0.3,0
"2021-05-28",2021-05-28,5.1,14.9,27.4,0
"2021-05-29",2021-05-29,8.8,9.4,27.4,0
"2021-05-30",2021-05-30,7.7,10.3,18.3,0
"2021-05-31",2021-05-31,4.1,12.6,3.8,0
"2021-06-01",2021-06-01,4.6,18.6,0,0
"2021-06-02",2021-06-02,4.1,20.8,0,0
"2021-06-03",2021-06-03,4.5,19.7,0,0
"2021-06-04",2021-06-04,4.6,22.5,2.8,0
"2021-06-05",2021-06-05,5,24.8,0,0
"2021-06-06",2021-06-06,4.5,29.3,0,0
"2021-06-07",2021-06-07,5.5,29.6,0,0
"2021-06-08",2021-06-08,4.2,28.8,0,0
"2021-06-09",2021-06-09,3.1,27.3,1.3,0
"2021-06-10",2021-06-10,4.9,21.9,0,0
"2021-06-11",2021-06-11,3.3,16.4,3,0
"2021-06-12",2021-06-12,2.5,17.8,15,0
"2021-06-13",2021-06-13,4.6,22.4,0,0
"2021-06-14",2021-06-14,2.8,18.8,13.5,0
"2021-06-15",2021-06-15,2.3,19.3,0.3,0
"2021-06-16",2021-06-16,5.1,20.4,0,0
"2021-06-17",2021-06-17,3.7,21.4,0,0
"2021-06-18",2021-06-18,4,23.3,0,0
"2021-06-19",2021-06-19,5.7,25.5,0,0
"2021-06-20",2021-06-20,4.7,26.3,0,0
"2021-06-21",2021-06-21,6,25.8,0,0
"2021-06-22",2021-06-22,4.3,24.4,23.1,0
"2021-06-23",2021-06-23,4.5,18.8,0,0
"2021-06-24",2021-06-24,4.4,18.9,0,0
"2021-06-25",2021-06-25,3.5,17.8,2.3,0
"2021-06-26",2021-06-26,6.1,23.1,0,0
"2021-06-27",2021-06-27,7.3,27.1,0,0
"2021-06-28",2021-06-28,6.3,29.4,0,0
"2021-06-29",2021-06-29,4.7,31.5,0,0
"2021-06-30",2021-06-30,4.4,31,4.1,0
"2021-07-01",2021-07-01,4,25.4,32.5,0
"2021-07-02",2021-07-02,6.3,18.3,42.4,0
"2021-07-03",2021-07-03,5.8,15.1,42.7,0
"2021-07-04",2021-07-04,3.3,15.9,7.9,0
"2021-07-05",2021-07-05,3.4,18.1,0,0
"2021-07-06",2021-07-06,6.6,24.9,7.4,0
"2021-07-07",2021-07-07,3.8,26.9,0.8,0
"2021-07-08",2021-07-08,4,20.6,7.6,0
"2021-07-09",2021-07-09,4.7,19.6,51.8,0
"2021-07-10",2021-07-10,3,21.9,1.3,0
"2021-07-11",2021-07-11,2.3,21.7,0.8,0
"2021-07-12",2021-07-12,3.6,20.4,30.7,0
"2021-07-13",2021-07-13,3.5,19.4,0.3,0
"2021-07-14",2021-07-14,2.1,20.5,0,0
"2021-07-15",2021-07-15,2.8,23.4,0,0
"2021-07-16",2021-07-16,4.9,27.4,0.5,0
"2021-07-17",2021-07-17,3.5,24.4,4.3,0
"2021-07-18",2021-07-18,3.8,21.5,7.6,0
"2021-07-19",2021-07-19,3,20.3,0,0
"2021-07-20",2021-07-20,3.2,25.1,0,0
"2021-07-21",2021-07-21,4.2,25.5,0,0
"2021-07-22",2021-07-22,3.6,22.3,0,0
"2021-07-23",2021-07-23,3.4,23,0,0
"2021-07-24",2021-07-24,3.8,22.1,0,0
"2021-07-25",2021-07-25,5,22.1,3.8,0
"2021-07-26",2021-07-26,3.6,26.5,0,0
"2021-07-27",2021-07-27,3.8,26.7,9.7,0
"2021-07-28",2021-07-28,3.8,21.1,0,0
"2021-07-29",2021-07-29,6.2,22.1,0.3,0
"2021-07-30",2021-07-30,5.7,23.3,3.6,0
"2021-07-31",2021-07-31,4.7,20.7,0,0
"2021-08-01",2021-08-01,3.8,21.6,0,0
"2021-08-02",2021-08-02,4,23.2,0,0
"2021-08-03",2021-08-03,2.5,22.6,0,0
"2021-08-04",2021-08-04,3.4,22,14.7,0
"2021-08-05",2021-08-05,3.8,19.4,36.1,0
"2021-08-06",2021-08-06,3.6,23.9,0,0
"2021-08-07",2021-08-07,4.6,26.7,0,0
"2021-08-08",2021-08-08,3.2,25.7,0,0
"2021-08-09",2021-08-09,4.2,22.2,29.2,0
"2021-08-10",2021-08-10,3,21,0.8,0
"2021-08-11",2021-08-11,5.3,27.2,0,0
"2021-08-12",2021-08-12,4.3,29.1,0,0
"2021-08-13",2021-08-13,3.2,28.6,0,0
"2021-08-14",2021-08-14,4.3,29.3,0.3,0
"2021-08-15",2021-08-15,3.7,25,0,0
"2021-08-16",2021-08-16,3.3,22.3,0,0
"2021-08-17",2021-08-17,4.1,23.9,0,0
"2021-08-18",2021-08-18,4.2,25.8,0,0
"2021-08-19",2021-08-19,4.7,25.1,29,0
"2021-08-20",2021-08-20,2.8,24.8,1.3,0
"2021-08-21",2021-08-21,3.6,25,0,0
"2021-08-22",2021-08-22,7.9,22.4,19.3,0
"2021-08-23",2021-08-23,4.2,22.6,42.9,0
"2021-08-24",2021-08-24,3.6,25.1,0,0
"2021-08-25",2021-08-25,2.6,29,0,0
"2021-08-26",2021-08-26,3.1,29.3,0,0
"2021-08-27",2021-08-27,3.8,28.6,0,0
"2021-08-28",2021-08-28,5.5,22.1,1.8,0
"2021-08-29",2021-08-29,3,19.8,2,0
"2021-08-30",2021-08-30,5.5,25.2,0.5,0
"2021-08-31",2021-08-31,4.6,26.2,0,0
"2021-09-01",2021-09-01,3.8,22.5,42.9,0
"2021-09-02",2021-09-02,6.5,19,64.5,0
"2021-09-03",2021-09-03,4.7,19.7,0,0
"2021-09-04",2021-09-04,4.4,21.7,0,0
"2021-09-05",2021-09-05,3.9,21,1.3,0
"2021-09-06",2021-09-06,4.7,23.8,0,0
"2021-09-07",2021-09-07,4.5,23.1,0,0
"2021-09-08",2021-09-08,6.1,23.4,0,0
"2021-09-09",2021-09-09,3.3,23.6,24.4,0
"2021-09-10",2021-09-10,5.1,21.8,4.8,0
"2021-09-11",2021-09-11,4.9,20.3,0,0
"2021-09-12",2021-09-12,6.7,22.8,0,0
"2021-09-13",2021-09-13,4,24.7,1.5,0
"2021-09-14",2021-09-14,3.8,20.7,0,0
"2021-09-15",2021-09-15,5.1,24,0,0
"2021-09-16",2021-09-16,3.8,21.9,7.9,0
"2021-09-17",2021-09-17,3.7,19.3,0,0
"2021-09-18",2021-09-18,2.4,20.1,1.5,0
"2021-09-19",2021-09-19,4.1,20.4,7.1,0
"2021-09-20",2021-09-20,2.8,18.3,0,0
"2021-09-21",2021-09-21,2.8,18.3,0,0
"2021-09-22",2021-09-22,3.5,22.2,0,0
"2021-09-23",2021-09-23,3.6,22.8,0.8,0
"2021-09-24",2021-09-24,5.1,23.2,0,0
"2021-09-25",2021-09-25,2.8,21.1,0.8,0
"2021-09-26",2021-09-26,4.8,20.4,14,0
"2021-09-27",2021-09-27,5.5,19.6,0,0
"2021-09-28",2021-09-28,3.8,20.7,18.3,0
"2021-09-29",2021-09-29,4.1,15.7,0,0
"2021-09-30",2021-09-30,4.4,15,0,0
"2021-10-01",2021-10-01,4.1,14.8,0,0
"2021-10-02",2021-10-02,4.3,17.4,0,0
"2021-10-03",2021-10-03,3.2,17.6,3.3,0
"2021-10-04",2021-10-04,7,16.2,27.4,0
"2021-10-05",2021-10-05,3.9,14.4,7.6,0
"2021-10-06",2021-10-06,2.2,16.4,0,0
"2021-10-07",2021-10-07,1.8,17.7,0,0
"2021-10-08",2021-10-08,4.7,18.3,0,0
"2021-10-09",2021-10-09,6.2,17.1,0,0
"2021-10-10",2021-10-10,4.7,17.1,0,0
"2021-10-11",2021-10-11,3.6,18,0,0
"2021-10-12",2021-10-12,1.9,18.1,0,0
"2021-10-13",2021-10-13,3.3,19.8,0,0
"2021-10-14",2021-10-14,3.2,19.2,0,0
"2021-10-15",2021-10-15,3.6,18.1,0,0
"2021-10-16",2021-10-16,6.9,20.4,0.5,0
"2021-10-17",2021-10-17,5.7,16.7,7.9,0
"2021-10-18",2021-10-18,6.3,12.6,0,0
"2021-10-19",2021-10-19,5.9,11.5,0,0
"2021-10-20",2021-10-20,4.6,15.7,0,0
"2021-10-21",2021-10-21,4.3,18.9,0,0
"2021-10-22",2021-10-22,5,18.3,0,0
"2021-10-23",2021-10-23,4.3,13,0,0
"2021-10-24",2021-10-24,4.4,10.2,0,0
"2021-10-25",2021-10-25,5.7,11.4,20.6,0
"2021-10-26",2021-10-26,10.3,13.7,23.4,0
"2021-10-27",2021-10-27,11.9,10.3,2.5,0
"2021-10-28",2021-10-28,4.5,8.7,0,0
"2021-10-29",2021-10-29,5.3,7.6,0,0
"2021-10-30",2021-10-30,6.7,12.4,25.9,0
"2021-10-31",2021-10-31,5.8,15.2,10.7,0
"2021-11-01",2021-11-01,5.7,13.1,0,0
"2021-11-02",2021-11-02,4.1,10.6,0,0
"2021-11-03",2021-11-03,4.4,8.9,0,0
"2021-11-04",2021-11-04,3,5.9,0,0
"2021-11-05",2021-11-05,3.4,6.7,0,0
"2021-11-06",2021-11-06,3,6.2,0,0
"2021-11-07",2021-11-07,1.9,6.5,0,0
"2021-11-08",2021-11-08,3,9.1,0,0
"2021-11-09",2021-11-09,2.2,12.1,0,0
"2021-11-10",2021-11-10,3.8,13.4,0,0
"2021-11-11",2021-11-11,3.9,9.3,0,0
"2021-11-12",2021-11-12,7.3,12.6,13.5,0
"2021-11-13",2021-11-13,4.3,10.9,4.8,0
"2021-11-14",2021-11-14,4.7,6.7,0,0
"2021-11-15",2021-11-15,5.5,7,2,0
"2021-11-16",2021-11-16,6.6,5.6,0,0
"2021-11-17",2021-11-17,3.6,4.9,0,0
"2021-11-18",2021-11-18,6,13.8,0,0
"2021-11-19",2021-11-19,6.4,9.3,7.1,0
"2021-11-20",2021-11-20,3.8,3.7,0,0
"2021-11-21",2021-11-21,3.3,6.7,0,0
"2021-11-22",2021-11-22,5.1,11.4,5.6,0
"2021-11-23",2021-11-23,6.8,2.6,0,0
"2021-11-24",2021-11-24,6.2,0.6,0,0
"2021-11-25",2021-11-25,3.3,5.7,0,0
"2021-11-26",2021-11-26,5.6,7.4,1,0
"2021-11-27",2021-11-27,7.5,1.9,0,0
"2021-11-28",2021-11-28,3.4,0.6,0,0
"2021-11-29",2021-11-29,4.7,2.3,0,0
"2021-11-30",2021-11-30,4.9,0.1,0,0
"2021-12-01",2021-12-01,4.4,3.8,0,0
"2021-12-02",2021-12-02,5,7.6,0.5,0
"2021-12-03",2021-12-03,7.2,6.4,0,0
"2021-12-04",2021-12-04,4.3,1.6,0,0
"2021-12-05",2021-12-05,3.9,5.1,0,0
"2021-12-06",2021-12-06,7.3,9.4,6.4,0
"2021-12-07",2021-12-07,5.4,6.6,0,0
"2021-12-08",2021-12-08,4.5,1.8,0,8
"2021-12-09",2021-12-09,4.2,-0.3,0.3,0
"2021-12-10",2021-12-10,2.4,1.8,0,0
"2021-12-11",2021-12-11,5.7,6.2,6.4,0
"2021-12-12",2021-12-12,7.6,9.8,1,0
"2021-12-13",2021-12-13,7.2,5.9,0,0
"2021-12-14",2021-12-14,4.8,8,0,0
"2021-12-15",2021-12-15,3.3,3.5,0.5,0
"2021-12-16",2021-12-16,6.4,10.9,4.3,0
"2021-12-17",2021-12-17,7.2,12.9,0,0
"2021-12-18",2021-12-18,3.2,4.8,14.2,3
"2021-12-19",2021-12-19,6.6,2.5,9.7,0
"2021-12-20",2021-12-20,4.1,-3.6,0,0
"2021-12-21",2021-12-21,4,1.7,0,0
"2021-12-22",2021-12-22,4.5,3.9,2.3,0
"2021-12-23",2021-12-23,5.8,-0.3,0,0
"2021-12-24",2021-12-24,1.9,-3.4,0,0
"2021-12-25",2021-12-25,2.7,-0.4,8.1,0
"2021-12-26",2021-12-26,5.8,2,6.1,0
"2021-12-27",2021-12-27,3.9,0.6,0,0
"2021-12-28",2021-12-28,3.1,2.9,1,0
"2021-12-29",2021-12-29,1.5,4.6,0,0
"2021-12-30",2021-12-30,1.6,4.4,1.5,0
"2021-12-31",2021-12-31,1.3,5.6,0,0
"2022-01-01",2022-01-01,1.5,7.7,2,0
"2022-01-02",2022-01-02,4,7.4,5.8,0
"2022-01-03",2022-01-03,6.3,-1.4,0,0
"2022-01-04",2022-01-04,4.4,-4.9,0,0
"2022-01-05",2022-01-05,5,2.8,3,0
"2022-01-06",2022-01-06,4.8,4.6,0,0
"2022-01-07",2022-01-07,6,-0.5,12.2,297
"2022-01-08",2022-01-08,4.8,-4.7,0,0
"2022-01-09",2022-01-09,7.2,-0.3,0.3,0
"2022-01-10",2022-01-10,7.5,0.5,0,0
"2022-01-11",2022-01-11,5.9,-9.1,0,3
"2022-01-12",2022-01-12,5.8,-5.3,0,0
"2022-01-13",2022-01-13,1.9,2.3,0,0
"2022-01-14",2022-01-14,7.3,2.8,0,0
"2022-01-15",2022-01-15,7.7,-10.6,0,0
"2022-01-16",2022-01-16,3.7,-10.8,0,0
"2022-01-17",2022-01-17,10.7,3.7,18.5,0
"2022-01-18",2022-01-18,8.1,-0.5,0,0
"2022-01-19",2022-01-19,6.2,-1.2,0,0
"2022-01-20",2022-01-20,4.9,3,3.8,0
"2022-01-21",2022-01-21,4.9,-8,0,0
"2022-01-22",2022-01-22,4,-7.7,0,0
"2022-01-23",2022-01-23,4.5,-3.7,0.3,3
"2022-01-24",2022-01-24,3.3,-2.4,1,10
"2022-01-25",2022-01-25,4,0.5,0.5,3
"2022-01-26",2022-01-26,5.5,-4,0,0
"2022-01-27",2022-01-27,3.8,-8.6,0,0
"2022-01-28",2022-01-28,3.3,-1.7,0.3,5
"2022-01-29",2022-01-29,10.2,-4.8,11.4,599
"2022-01-30",2022-01-30,6.4,-9.3,0,0
"2022-01-31",2022-01-31,2.4,-6.2,0,0
"2022-02-01",2022-02-01,3.9,-3.5,0,0
"2022-02-02",2022-02-02,0.7,1.7,0,0
"2022-02-03",2022-02-03,3.3,4.3,4.3,0
"2022-02-04",2022-02-04,5.3,1.2,47.5,18
"2022-02-05",2022-02-05,6.3,-5.4,1.3,3
"2022-02-06",2022-02-06,3.1,-7.9,0,0
"2022-02-07",2022-02-07,1.9,-1.7,10.4,0
"2022-02-08",2022-02-08,5,3.7,12.4,0
"2022-02-09",2022-02-09,4.4,2,0,0
"2022-02-10",2022-02-10,4.3,3.7,0,0
"2022-02-11",2022-02-11,4.5,5.3,0,0
"2022-02-12",2022-02-12,6.5,9.6,0,0
"2022-02-13",2022-02-13,4.5,0.9,5.6,119
"2022-02-14",2022-02-14,6.4,-5.8,0.3,30
"2022-02-15",2022-02-15,5,-8.1,0,0
"2022-02-16",2022-02-16,6,-2.4,0,0
"2022-02-17",2022-02-17,7.7,10.3,0.8,0
"2022-02-18",2022-02-18,9.7,10.7,7.9,0
"2022-02-19",2022-02-19,6.9,-1.9,0,3
"2022-02-20",2022-02-20,7,-4.2,0,0
"2022-02-21",2022-02-21,4.6,3.3,0,0
"2022-02-22",2022-02-22,4,3.8,8.9,0
"2022-02-23",2022-02-23,7.8,14.1,0,0
"2022-02-24",2022-02-24,4.3,-1.6,0,0
"2022-02-25",2022-02-25,6.5,-1.8,17.8,216
"2022-02-26",2022-02-26,3.4,-5.8,0,0
"2022-02-27",2022-02-27,6.8,-1.1,0,0
"2022-02-28",2022-02-28,5.5,-3.7,0,0
"2022-03-01",2022-03-01,4.2,-3.2,2.3,0
"2022-03-02",2022-03-02,4.8,4.1,0,0
"2022-03-03",2022-03-03,7.2,1.9,4.1,0
"2022-03-04",2022-03-04,4.4,-4.2,0,0
"2022-03-05",2022-03-05,4.2,0.3,0,0
"2022-03-06",2022-03-06,7.1,7.7,0.3,0
"2022-03-07",2022-03-07,5.4,13.7,7.9,0
"2022-03-08",2022-03-08,7.6,7,0,0
"2022-03-09",2022-03-09,2.3,2.2,6.6,48
"2022-03-10",2022-03-10,3.5,3.2,0,0
"2022-03-11",2022-03-11,3.8,5,0,0
"2022-03-12",2022-03-12,6,4.8,9.1,5
"2022-03-13",2022-03-13,8.2,-2.4,0,0
"2022-03-14",2022-03-14,5.1,3.4,0,0
"2022-03-15",2022-03-15,4.7,8.5,0.5,0
"2022-03-16",2022-03-16,3.7,5.9,0,0
"2022-03-17",2022-03-17,2.2,6.1,0.8,0
"2022-03-18",2022-03-18,2.7,11.9,0,0
"2022-03-19",2022-03-19,2.9,9.5,5.1,0
"2022-03-20",2022-03-20,4.7,11,0,0
"2022-03-21",2022-03-21,7.5,9.9,0,0
"2022-03-22",2022-03-22,7,7.3,0,0
"2022-03-23",2022-03-23,3.9,3.7,0,0
"2022-03-24",2022-03-24,7.5,4.8,19,NA
"2022-03-25",2022-03-25,4.4,7.6,6.4,0
"2022-03-26",2022-03-26,4.3,10,8.4,0
"2022-03-27",2022-03-27,7.1,6.9,0,0
"2022-03-28",2022-03-28,7.6,-0.8,0.3,0
"2022-03-29",2022-03-29,7.8,-2.6,0,0
"2022-03-30",2022-03-30,5.8,2.8,0,0
"2022-03-31",2022-03-31,7.3,10.6,3.8,0
"2022-04-01",2022-04-01,6.3,13.9,10.2,0
"2022-04-02",2022-04-02,6.8,7.2,0,0
"2022-04-03",2022-04-03,4.1,6.4,0,0
"2022-04-04",2022-04-04,5.6,7.5,0.3,NA
